Region	GCContent	Length	A	D	E	G	F	L	Y	C	W	P	H	Q	I	M	T	N	S	K	R	V
PaLo147635:149225	54.40251572327044	1590	56.29525270178692	18.88433141919606	20.96301316117987	35.70317794343188	24.744088169204982	51.00438705995649	7.743695830509684	17.57285016228555	10.39269536683668	35.71352141812604	16.43257124514035	25.125013375182792	20.966936548132825	8.499126154724115	31.361771944216564	17.755822662909726	61.977387024289335	22.668616471091774	64.24474801155615	31.350358454898885
PaLo219158:220744	54.539722572509454	1586	56.628787878787875	18.939393939393938	21.02272727272727	35.79545454545455	24.62121212121212	51.13636363636363	7.765151515151516	17.613636363636363	10.416666666666668	35.60606060606061	16.47727272727273	25.189393939393938	21.022727272727273	8.522727272727272	31.25	17.613636363636363	61.93181818181818	22.53787878787879	64.01515151515152	31.25
PaLo226288:226329	43.90243902439025	41	61.53846153846154	0.0	46.15384615384615	7.6923076923076925	38.46153846153847	69.23076923076923	15.384615384615385	15.384615384615385	0.0	7.6923076923076925	7.6923076923076925	23.076923076923077	38.46153846153847	7.6923076923076925	15.384615384615385	38.46153846153847	61.53846153846154	23.076923076923077	69.23076923076924	15.384615384615385
PaLo236554:250017	56.18361435044195	13463	54.69133051036328	20.057945174949854	20.860262981947848	42.72342322264319	18.119010474704705	51.10318698462224	9.048361934477379	19.8796523289503	13.082237575217295	42.6788500111433	18.94361488745264	24.871852016937822	22.019166480944953	9.984399375975038	30.242924002674393	14.19656786271451	60.753287274348125	17.561845330956096	62.1573434365946	30.2429240026744
PaLo511107:511323	50.925925925925924	216	44.835680751173705	16.784037558685444	18.17292644757433	36.42410015649452	32.237871674491394	50.52816901408451	4.18622848200313	23.86541471048513	14.045383411580595	36.521909233176835	22.437402190923315	26.682316118935834	15.434272300469484	9.820031298904539	37.852112676056336	19.600938967136152	54.61658841940532	26.682316118935834	47.7112676056338	37.754303599374026
PaLo781713:787158	51.900826446280995	5445	37.25915059181572	17.913139615054018	21.770921604538923	41.4486348905513	21.660485783969797	57.59653263111216	13.393471651465036	14.881682415009065	10.416898259937248	41.44723773770581	16.644889306009883	19.621037477106437	21.440312719254283	6.338275002202034	37.314247010548506	17.14130378658794	60.353661907235136	21.936150114961382	57.21034136088762	37.31421663766056
PaLo789209:790859	66.06060606060606	1650	72.08776287464813	23.108792846497767	18.376883589998343	53.87713197549263	11.100844510680576	40.21526742838218	6.006623613180991	16.575260804768998	11.109124027156813	53.90130816360325	15.286636860407352	20.37953303527074	14.92167577413479	5.097201523431032	30.58387150190429	6.186454711044874	59.180659049511505	10.192415962907768	91.04321907600597	30.569630733565162
PaLo862061:864035	61.60081053698075	1974	63.604021225705864	21.60483546376872	12.162449746244558	49.298413623683224	6.839831045601957	46.84667804749413	10.34637502139688	15.823513899876474	14.448793215916503	49.27250604895607	16.585242860381303	29.66116593338978	15.520950437884276	7.606880311631113	38.3418226904091	12.935744588324011	48.68611585312256	5.783172104944183	74.22844004015674	38.34436718435552
PaLo1034013:1035584	66.90006365372375	1571	52.58126195028681	10.707456978967494	22.753346080305928	69.02485659655832	11.663479923518164	39.57934990439771	0.0	9.369024856596559	31.548757170172088	69.02485659655832	21.988527724665392	22.753346080305924	2.294455066921606	0.0	45.69789674952198	15.29636711281071	55.64053537284895	3.824091778202677	64.81835564053537	45.697896749521995
PaLo1035712:1036771	67.13881019830028	1059	53.354365181560645	12.49114730878187	21.283479268606747	70.11331444759207	10.783382693793458	39.15867241823332	0.0	9.365342518671131	30.934522276590265	70.11331444759207	21.285088848828224	23.264872521246456	4.543040175122328	0.0	44.27150399175894	14.764679371619883	55.62789724439866	3.6915722379603397	64.995654133402	43.99787535410764
PaLo1042523:1043276	63.34661354581673	753	63.11553784860558	20.74581673306773	23.534661354581672	52.32509960159363	15.564940239043823	45.49800796812748	6.382470119521913	13.998406374501993	12.795219123505976	51.57609561752987	12.774501992031873	20.350597609561756	12.372908366533867	5.99203187250996	30.7808764940239	9.18406374501992	63.16653386454183	13.17768924302789	85.54262948207172	30.72191235059761
PaLo1091211:1092442	62.875710804224205	1231	78.60098992187966	18.058918241994157	13.420597531158684	46.61876080863498	10.003578030890333	42.211819428707734	5.858429244439144	27.34808277178126	12.211819428707734	46.639632655495255	23.189814538732183	25.12851094281114	15.617508497823366	10.985747510286838	32.219571828970125	11.719243842805176	50.54266801836722	9.760868268829388	74.94304967499554	32.223149859860456
PaLo1304459:1304949	66.3265306122449	490	72.52518367037794	25.160948269332728	22.699386503067487	54.07104445959251	10.43702188896463	37.43467393774142	1.8442778156479587	12.319169885632055	16.026660607437705	53.582519124441404	17.795198061046733	17.791411042944784	20.26054684541392	7.975460122699387	25.210179504658033	8.600318109520563	60.323411345906244	6.767401348178444	95.98954783003862	25.164735287434674
PaLo1347285:1352841	51.97984161267099	5556	37.37875038068267	17.771171499148785	22.037997089892453	41.59251376583552	21.983797211944278	57.363657260741675	13.23384242712771	14.800271407784946	10.316733818506837	41.591142724789464	16.474312525014202	19.552970608380505	21.335878218883497	6.211603557939028	37.16262180386995	17.230893813746118	60.55185277236167	22.03793874772028	57.525410933089695	37.162738488214295
PaLo1646196:1647256	62.075471698113205	1060	68.04902781354623	19.0051184651043	17.869559618851405	49.615310327066695	11.63163147051249	47.3602884367757	7.660797064125677	18.138359515838268	13.609000772598504	49.61289595673449	15.318374967808396	25.245460983775423	16.167428534638166	6.52443342776204	31.752189029101206	12.759947205768738	58.11308910636105	9.926281225856297	74.56863250064383	32.0523757404069
PaLo1652891:1749431	59.24590843173814	96540	63.28907416216363	19.469017321554574	18.253947566567074	45.28994508673138	15.584537113142996	47.521170180530135	8.16673381809966	20.29874501146873	12.461411231545048	45.293038507736725	18.387581074949942	24.295090442560358	18.847500244852775	8.878368883999194	31.433217788832746	13.132653363350064	57.279007357287526	14.608752304228304	70.20965616682984	31.430116449102268
PaLo1755260:1756519	54.88482922954726	1259	58.233890214797135	19.57040572792363	21.957040572792362	34.36754176610978	24.10501193317422	50.83532219570406	5.727923627684964	19.570405727923628	10.501193317422434	34.367541766109774	16.467780429594274	27.68496420047733	20.286396181384248	9.307875894988065	30.787589498806682	18.615751789976137	63.72315035799523	20.047732696897373	63.72315035799523	30.787589498806682
PaLo1859908:1860098	57.89473684210526	190	47.84946236559139	14.388120839733743	33.461341525857655	43.13876088069637	25.42242703533026	47.92626728110599	14.388120839733743	12.749615975422426	4.787506400409626	41.44905273937532	12.749615975422426	12.749615975422426	12.800819252432156	3.1746031746031744	36.738351254480285	11.187916026625704	71.81259600614439	19.150025601638504	81.36200716845877	36.738351254480285
PaLo2342055:2343712	54.73747736873869	1657	54.74532470606802	19.76544622425629	20.851416397064625	38.069780899024174	24.11294352823588	50.5750414266551	7.6146137457586995	17.761185196875246	9.967384728688288	38.05925984376233	16.31519766432573	25.37711407454168	21.392264394118733	9.064546674031405	30.814198164075858	17.585286304216314	61.259830611010294	21.935085089034427	63.614903074778404	30.823732870406907
PaLo2499480:2502306	66.59589525831564	2826	70.7485825035931	20.612191484417128	18.381989616683704	56.623030565577125	10.51925606539549	40.800544210319686	6.268684667122431	17.100997042040923	12.533646502455941	56.61682584592892	15.723887719393248	20.720266419380383	10.73044215960344	4.780567269314164	33.353639688545634	6.267556536277303	57.78353876596023	8.924079050384579	88.05884781740525	33.36131097829251
PaLo2549488:2549742	64.56692913385827	254	61.904761904761905	28.57142857142857	14.285714285714285	61.9047619047619	4.761904761904762	35.71428571428571	3.571428571428571	16.666666666666664	17.857142857142854	61.904761904761905	29.761904761904763	15.476190476190476	19.047619047619047	16.666666666666664	28.57142857142857	2.380952380952381	53.57142857142857	7.142857142857142	77.3809523809524	28.57142857142857
PaLo2552895:2553016	61.15702479338843	121	60.57692307692308	22.499999999999996	20.0	47.948717948717956	12.564102564102564	44.99999999999999	15.064102564102566	12.756410256410255	15.256410256410257	47.94871794871794	20.0	17.5	20.0	10.0	30.448717948717952	2.5	58.52564102564103	15.064102564102566	83.58974358974359	30.06410256410257
PaLo2576914:2593507	63.21942988006991	16593	77.12005291235361	17.774630775804827	17.81078733281393	47.8270592547087	15.568665581435951	42.3481949348126	5.786252269388744	20.486941431216394	11.518408653772276	47.82735350284424	17.90126209564176	21.409239326067144	15.478197357455576	7.847617391111025	29.112230489141755	10.97572027856798	53.59546700938945	14.610240554389641	84.49779199468523	29.11205067083671
PaLo2982426:2989200	69.1319751992914	6774	86.96096741443705	18.251670916149855	16.125189500002552	57.36808190089058	8.46130511001498	36.85695089737548	4.518625843895559	19.182109551506525	12.404160974635353	57.36918073600761	16.96703455404758	20.42194876053361	11.473702717223023	7.132264035950746	28.706223684370602	7.575369296898578	51.07823195859903	6.113153331059791	95.8657113603461	28.706733857817802
PaLo2989272:2989418	70.54794520547945	146	83.33333333333334	18.75	10.416666666666666	68.74999999999999	2.083333333333333	29.166666666666664	12.499999999999998	8.333333333333332	8.333333333333332	68.75	14.583333333333332	6.25	18.749999999999996	10.416666666666666	29.166666666666664	12.499999999999998	37.5	2.083333333333333	112.5	29.166666666666668
PaLo3029162:3030760	54.31789737171464	1598	56.39097744360902	18.796992481203006	21.240601503759393	35.338345864661655	24.999999999999996	51.31578947368421	7.7067669172932325	17.481203007518793	10.526315789473683	35.338345864661655	16.541353383458645	25.375939849624064	20.864661654135336	8.646616541353383	31.203007518796987	17.669172932330827	62.21804511278196	22.74436090225564	63.721804511278194	31.203007518796994
PaLo3034067:3035665	54.38047559449311	1598	56.39097744360902	18.984962406015036	21.2406015037594	35.338345864661655	25.0	51.315789473684205	7.7067669172932325	17.669172932330827	10.526315789473683	35.338345864661655	16.35338345864662	25.375939849624057	20.864661654135336	8.458646616541353	31.203007518796987	17.669172932330824	62.03007518796993	22.74436090225564	63.90977443609022	31.390977443609025
PaLo3083333:3084648	68.13688212927757	1315	75.39836786725598	18.722506086538562	20.091846650575214	62.1354607483569	10.27553995172565	39.9579950471772	4.110111490757865	16.237735494185134	13.031984368306112	62.174644473005024	16.21056811176243	18.72146118721461	9.817874047835492	7.53476902500444	27.888362956229162	6.39582876189879	54.41052004639353	9.137122138281976	91.65752379758212	28.086371378117715
PaLo3342695:3343999	66.71779141104294	1304	74.65437788018434	22.119815668202765	18.663594470046082	54.83870967741935	10.829493087557605	40.09216589861751	5.76036866359447	16.589861751152075	10.829493087557603	54.83870967741935	15.207373271889402	20.046082949308758	14.285714285714285	5.0691244239631335	29.723502304147466	5.990783410138248	58.7557603686636	9.67741935483871	91.93548387096774	29.72350230414747
PaLo3491276:3492514	62.84329563812601	1238	78.15533980582525	17.96116504854369	13.592233009708737	46.601941747572816	9.951456310679612	42.23300970873786	6.796116504854369	27.184466019417474	12.135922330097088	46.359223300970875	23.058252427184467	25.0	16.2621359223301	10.922330097087379	32.28155339805825	11.650485436893204	50.48543689320388	9.70873786407767	74.75728155339806	32.28155339805825
PaLo3527662:3528764	65.33575317604355	1102	69.80911540924048	19.11302690549575	15.82912702312354	51.81950834561725	10.093655544140201	42.29835767781898	8.189276514643915	19.89249713375322	13.36117687348312	51.800896353538505	14.461517845178005	25.104599395482495	5.73323803993389	5.7257932431023955	39.79690594243684	9.553907773856851	55.599976176650145	8.188532034960765	83.68845014219562	39.858697756138234
PaLo3762418:3763099	69.16299559471365	681	77.76110093173754	20.31109898249581	11.479084636076568	63.60765662157421	3.537873767104596	40.17777084714046	6.1790963315270355	19.897859732564037	11.050251452185101	63.21001130560211	15.451639312307513	23.843125024365524	8.389536470313049	5.7424661806557245	34.91481813574519	7.066001325484386	45.09180928618767	3.9764531597208683	90.61440099801177	34.87583330084597
PaLo3763926:3764947	69.14789422135162	1021	83.03921568627452	17.658337671351727	10.005205622071838	62.72080513621378	3.8252646191219846	43.84348429637341	10.005205622071838	17.67135172653132	15.602984556654519	62.70085025160507	10.006073225750477	27.65920527503037	7.061426340447683	3.53461738677772	34.171438486899184	7.068367169876801	47.11782057955926	4.121117473538087	87.74249522817978	34.14193996182544
PaLo3767718:3768184	56.437768240343345	466	60.7498952660243	10.97193129451194	21.956430666108087	43.271889400921665	20.037704231252622	59.49308755760369	9.698366149979053	21.956430666108087	15.52576455802262	44.009216589861744	11.009635525764558	33.63636363636364	15.496439044826143	5.182237117720989	31.009635525764555	20.025136154168415	57.57436112274823	16.82446585672392	56.30079597821533	31.026392961876837
PaLo3776243:3779818	72.1118881118881	3575	100.75566750629723	16.540722082283796	12.34256926952141	61.04114189756507	5.709487825356843	42.23341729638959	1.1754827875734677	17.38035264483627	14.357682619647354	61.041141897565076	8.648194794290513	30.394626364399663	7.388748950461797	2.686817800167926	25.692695214105793	9.403862300587742	47.01931150293871	4.534005037783375	97.98488664987406	25.692695214105793
PaLo3786371:3789361	69.6989966555184	2990	91.16465863453816	17.369477911646587	14.558232931726907	59.036144578313255	7.128514056224899	42.6706827309237	3.815261044176707	16.76706827309237	14.558232931726907	59.036144578313255	11.646586345381525	25.602409638554214	9.036144578313252	4.819277108433735	27.108433734939762	8.13253012048193	51.70682730923695	6.827309236947792	93.07228915662651	27.108433734939762
PaLo3993767:3994643	56.50684931506849	876	48.05583015581603	21.269359318363694	18.53316386574401	44.95363178458786	16.1370804500306	47.70748011109542	13.722167302170126	15.793437838346748	11.672080214658946	44.97834580803087	13.392646989596575	25.742597561549687	22.30499458645201	7.2117874123240595	36.732099985877696	17.8341100597844	59.05592430447676	11.323730169938331	66.61135432848468	36.70150167113873
PaLo3995490:4000968	59.56553486673969	5478	61.799006736785245	21.366922234392117	20.873711533556392	44.86972047592612	15.723566745187476	47.169169830004954	7.8343861123197645	18.18862998694654	11.230386052303862	44.86632957733799	15.284370358144908	23.88527959909376	19.942564779666615	8.545964680640369	29.857912346771897	13.861123197647377	61.193116175786585	13.039145373523983	75.76479767138291	29.858272442197187
PaLo4022658:4022698	77.5	40	76.92307692307693	16.025641025641026	0.0	101.92307692307692	0.0	8.333333333333332	0.0	23.076923076923077	23.717948717948715	104.48717948717949	40.38461538461538	8.333333333333332	7.6923076923076925	8.333333333333332	38.46153846153847	0.0	15.384615384615385	0.0	86.53846153846155	40.38461538461538
PaLo4177965:4178898	62.70096463022508	933	71.21771600456384	18.362203090965668	18.043771393009024	49.31127476402863	11.918888082149154	46.07405870760295	8.051032050617158	18.700342288144384	14.50264495384296	49.30608858002282	15.781557929675346	25.12498703453998	16.7524115755627	6.442277772015351	30.94284825225599	11.924074266154964	58.011617052173015	9.34342910486464	76.0481277875739	30.924177989835073
PaLo4195792:4196570	62.59640102827763	778	68.04196222800873	18.18263446170423	19.337942593756548	50.257400257400256	13.92804764897788	44.84900182574601	7.735476340127503	15.840591421986769	13.525485618508872	50.239442099907215	15.08185926790578	22.820328634282124	15.858549579479812	5.0252910718027	32.46535572116967	11.98707012660501	57.97491844003472	11.98258058723175	79.62946335039358	32.10319954506001
PaLo4278359:4278520	56.52173913043478	161	41.509433962264154	9.433962264150942	28.30188679245283	49.056603773584904	26.41509433962264	56.60377358490566	7.547169811320755	11.320754716981131	9.433962264150944	47.16981132075472	3.7735849056603774	22.641509433962263	7.547169811320755	0.0	41.509433962264154	28.30188679245283	56.60377358490566	20.754716981132077	73.58490566037736	41.509433962264154
PaLo4320061:4320089	89.28571428571429	28	93.05555555555556	12.5	0.0	140.27777777777777	0.0	0.0	0.0	11.11111111111111	11.11111111111111	148.61111111111111	12.5	0.0	0.0	0.0	22.22222222222222	0.0	11.11111111111111	0.0	112.5	25.0
PaLo4580230:4580500	61.851851851851855	270	53.745318352059925	17.915106117353307	21.28589263420724	54.85642946317104	15.692883895131088	44.806491885143565	8.963795255930087	13.445692883895132	7.815230961298377	54.84394506866417	12.322097378277153	17.890137328339577	12.309612983770288	3.3583021223470664	36.94132334581773	15.64294631710362	59.26342072409487	10.112359550561797	79.438202247191	39.176029962546814
PaLo4619555:4619579	62.5	24	92.85714285714286	12.5	14.285714285714285	51.78571428571428	14.285714285714285	55.35714285714286	0.0	14.285714285714285	42.857142857142854	57.14285714285714	26.785714285714285	42.857142857142854	26.785714285714285	26.785714285714285	0.0	14.285714285714285	51.78571428571428	12.5	42.857142857142854	0.0
PaLo4619821:4619893	54.166666666666664	72	34.05797101449275	21.376811594202895	21.195652173913043	51.449275362318836	34.05797101449275	38.94927536231884	12.681159420289855	8.514492753623188	12.681159420289855	51.63043478260869	4.3478260869565215	17.391304347826086	34.42028985507246	0.0	34.2391304347826	30.07246376811594	47.10144927536232	21.557971014492754	77.35507246376811	34.05797101449275
PaLo4673072:4674175	65.36718041704442	1103	69.75476839237056	19.07356948228883	15.803814713896458	51.771117166212534	10.081743869209808	42.50681198910082	8.174386920980927	19.891008174386922	13.35149863760218	51.771117166212534	14.441416893732969	25.34059945504087	5.722070844686648	5.722070844686648	39.782016348773844	9.536784741144414	55.5858310626703	8.174386920980927	83.65122615803816	39.782016348773844
PaLo4879692:4881244	68.29896907216495	1552	75.08471653696789	21.475642121362064	13.543025504925554	57.66347292819336	3.8684719535783363	39.67957656725593	9.094657610243953	16.451501656845547	12.002384058296972	57.694960490606206	13.745070697074658	21.87298517085751	10.448997645929857	3.871845620979713	37.156823054893316	7.1585473737873535	50.71671689682575	4.064519514791658	96.21811884305698	37.15307453555845
PaLo4946918:4948153	62.99595141700405	1235	78.34549878345499	18.004866180048662	13.62530413625304	47.201946472019465	9.975669099756693	42.33576642335767	5.839416058394161	27.25060827250608	12.1654501216545	46.95863746958638	23.114355231143556	25.060827250608277	15.571776155717759	10.948905109489052	32.11678832116789	11.678832116788321	50.60827250608273	9.7323600973236	74.69586374695862	32.11678832116789
PaLo4978912:4979244	67.7710843373494	332	80.0	16.363636363636363	14.545454545454545	67.27272727272727	10.909090909090908	26.363636363636367	15.454545454545453	8.181818181818182	5.454545454545455	66.36363636363636	11.81818181818182	5.454545454545455	27.272727272727277	7.2727272727272725	25.454545454545457	16.363636363636363	42.72727272727273	3.6363636363636362	107.27272727272728	25.454545454545453
PaLo5027914:5027964	62.0	50	25.0	12.5	25.0	93.75	50.0	25.0	6.25	6.25	12.5	100.0	12.5	6.25	18.75	6.25	18.75	12.5	43.75	37.5	62.5	18.75
PaLo5173419:5190012	63.21942988006991	16593	77.1201313785231	17.774810594109873	17.811039078440995	47.82719657050529	15.568783280690162	42.348476105253205	5.786268616507385	20.46895633128809	11.518111136213019	47.82680423965791	17.901311136997684	21.409229517795964	15.478318326133516	7.847630468805939	29.112040862565525	10.97590663572048	53.613174208300876	14.610433450389598	84.49738985556667	29.112348188395963
PaLo5240159:5241707	58.333333333333336	1548	51.230149770452314	24.826522164521712	19.791525551290732	44.432528034921354	14.361405885451944	44.434033265597954	12.220967863325054	15.915556559042674	10.866636562053134	44.442688341988415	14.944682772634904	23.285165951682092	22.697749680138482	8.73447730864755	34.739595092947994	14.159328667118237	63.66072100549409	9.700082787687213	73.3638142545345	34.71927447881388
PaLo5242963:5247360	59.04025471912668	4397	63.75426621160409	20.477815699658702	21.56996587030717	43.41296928327645	16.655290102389074	49.55631399317406	7.3037542662116035	18.56655290102389	11.194539249146757	43.412969283276446	14.744027303754267	24.914675767918087	20.341296928327647	8.32764505119454	27.918088737201362	14.129692832764503	62.184300341296925	14.47098976109215	73.92491467576792	27.986348122866893
PaLo5261918:5261963	73.33333333333333	45	70.47619047619047	20.95238095238095	0.0	98.0952380952381	0.0	27.61904761904762	0.0	49.52380952380952	13.80952380952381	104.28571428571429	34.285714285714285	27.61904761904762	20.95238095238095	6.666666666666667	20.952380952380953	0.0	28.57142857142857	0.0	48.57142857142857	27.61904761904762
PaLo5421732:5422991	54.805401111993646	1259	57.756563245823386	19.57040572792363	21.957040572792362	34.36754176610978	24.10501193317422	50.83532219570406	5.966587112171838	19.331742243436757	10.501193317422434	34.367541766109774	16.467780429594274	27.44630071599045	20.286396181384248	9.307875894988065	31.026252983293556	18.615751789976137	63.72315035799523	20.047732696897373	63.72315035799523	31.026252983293556
PaLo5579470:5580223	63.34661354581673	753	62.70597609561753	20.796812749003983	23.6	52.33625498007968	15.593625498007968	45.59203187250996	6.396812749003984	13.9601593625498	12.771314741035855	51.896414342629484	12.798406374501992	20.400000000000002	12.388844621513941	6.0	30.715537848605578	9.188844621513944	63.069322709163345	13.185657370517928	85.43585657370517	30.792031872509956
PaLo5763941:5765256	68.13688212927757	1315	75.39836786725598	18.722506086538562	20.091846650575214	62.1354607483569	10.27553995172565	39.9579950471772	4.110111490757865	16.237735494185134	13.031984368306112	62.174644473005024	16.21056811176243	18.72146118721461	9.817874047835492	7.53476902500444	27.888362956229162	6.39582876189879	54.41052004639353	9.137122138281976	91.65752379758212	28.086371378117715
PaLo5925017:5925070	52.83018867924528	53	35.29411764705882	23.52941176470588	11.76470588235294	64.70588235294117	29.411764705882355	35.294117647058826	29.411764705882355	5.88235294117647	17.64705882352941	58.82352941176471	11.76470588235294	23.52941176470588	47.05882352941176	11.76470588235294	23.52941176470588	17.64705882352941	47.05882352941176	23.52941176470588	41.17647058823529	23.52941176470588
PaLo5980443:5980667	62.94642857142857	224	68.91891891891892	17.56756756756757	9.45945945945946	62.16216216216217	14.864864864864865	36.486486486486484	14.864864864864865	10.81081081081081	10.81081081081081	62.16216216216217	8.108108108108109	13.513513513513514	25.67567567567568	2.7027027027027026	31.081081081081084	18.91891891891892	33.78378378378378	13.513513513513514	98.64864864864865	31.081081081081084
PaLo6021737:6027782	68.85028949545078	6045	84.39553399158741	18.76563805224471	17.971396255984786	57.8854716734718	10.673646755589287	35.79356415759658	4.567383156613384	16.978249030976713	12.460616872956304	57.83485822567093	15.588178039086198	19.21250994896765	12.857860978115967	6.6026893630442975	27.55268948625133	8.092163786497004	52.62223985451714	7.099115127112693	97.99712188378619	27.552812693281027
PaLo6096451:6102051	52.05357142857143	5600	37.19185423365488	17.89924973204716	21.97213290460879	41.80064308681673	21.918542336548768	57.073954983922825	13.183279742765272	14.790996784565918	10.342979635584136	41.80064308681672	16.720257234726688	19.399785637727764	21.275455519828512	6.377277599142552	37.245444801714896	17.095391211146836	60.450160771704184	21.972132904608788	57.60986066452305	37.245444801714896
PaLo6186332:6199792	56.1738484398217	13460	54.65893892108783	20.062416406598306	20.86491306286224	42.666072224699064	18.1230494872938	51.11457868925547	9.050378956754347	19.884083816317432	13.085153811859119	42.688363798484176	18.947837717342843	24.8773963441819	22.024074899687918	9.986625055728934	30.249665626393224	14.199732501114578	60.74453856442265	17.565760142666072	62.17119928666963	30.249665626393224
PaLo6329425:6329578	73.85620915032679	153	123.68627450980394	0.0	16.0	66.0	27.92156862745098	37.72549019607843	0.0	14.000000000000002	11.76470588235294	67.05882352941177	6.0	21.725490196078432	0.0	0.0	14.000000000000002	7.921568627450981	39.372549019607845	27.921568627450977	103.01960784313724	13.92156862745098
PaLo6454750:6460141	51.86421814134669	5391	36.96407524047131	17.98100149593544	21.65502885903628	41.47310600567885	21.59941154088787	57.50616902955061	13.471598915787636	14.808087718580708	10.465970876975112	41.47375668182433	16.75639800558466	19.48421831486033	21.432900416804546	6.346416261698227	37.52111599014938	17.09038077568033	60.40059341664467	21.93379711050216	57.172310197768375	37.52006251448529
PaLo6729150:6732145	69.88313856427379	2995	92.01080194491288	17.336578874901253	14.430867753561285	59.133814268456675	7.2152328729676	42.59713006755737	3.8083187438065704	16.642110700839996	14.435792346980826	59.14527148580009	11.325358842057232	25.7580356299359	9.019342596929063	4.8109257632617295	26.763657706586695	8.117639491621158	51.425016532563625	6.816139802172047	93.6280786246515	26.75762759219542
PaLo6733092:6736706	72.05312672938572	3614	100.33222591362127	16.694352159468437	12.541528239202657	60.880398671096344	5.398671096345516	42.44186046511628	1.4119601328903653	17.192691029900335	14.368770764119601	60.797342192691026	8.803986710963455	30.232558139534888	7.475083056478406	2.8239202657807314	25.74750830564784	9.136212624584717	47.50830564784053	4.318936877076411	98.00664451827242	25.74750830564784
PaLo6975521:6978614	65.34109279017136	3093	69.78435490098217	19.89114160067048	18.24075033194278	55.61176348723551	12.42059269443372	41.62995677681203	6.113020632245063	17.95852833990941	12.716939911293586	55.62061529479344	16.691024832145246	21.153842531993636	11.936662491877996	5.531626378386522	32.51617338242633	7.278445848596424	56.10897140112814	11.452261448494722	84.45001082933902	32.50534404339269
