Region	GCContent	Length	A	D	E	G	F	L	Y	C	W	P	H	Q	I	M	T	N	S	K	R	V	Stop
Aba1_17812:23446	48.420305289314875	5634	5.6640625	3.000710227272727	3.2581676136363638	6.241122159090909	3.4623579545454546	10.413707386363637	2.8764204545454546	2.6722301136363638	1.6424005681818181	6.241122159090909	2.814275568181818	3.2670454545454546	4.501065340909091	1.358309659090909	6.0546875	3.2137784090909087	9.872159090909092	3.7553267045454546	8.283025568181818	6.045809659090909	5.362215909090909
Aba1_34275:35216	37.30074388947928	941	4.792332268370607	3.1416400425985094	2.9818956336528224	3.035143769968051	6.602768903088392	10.702875399361023	3.62087326943557	2.768903088391906	1.0117145899893505	3.035143769968051	2.7156549520766773	3.567625133120341	7.507987220447284	1.863684771033014	4.685835995740149	4.579339723109691	8.892438764643238	6.815761448349308	6.549520766773163	4.685835995740149	6.443024494142705
Aba1_131048:131986	37.3134328358209	938	4.807692307692308	3.1517094017094016	2.9914529914529915	3.0448717948717947	6.623931623931624	10.737179487179487	3.579059829059829	2.7777777777777777	0.9615384615384616	2.9914529914529915	2.6709401709401708	3.579059829059829	7.478632478632479	1.8162393162393164	4.700854700854701	4.594017094017095	8.92094017094017	6.837606837606838	6.570512820512821	4.700854700854701	6.463675213675215
Aba1_211273:212211	37.20682302771855	938	4.807692307692308	3.1517094017094016	2.9914529914529915	2.9914529914529915	6.623931623931624	10.737179487179487	3.632478632478633	2.7777777777777777	0.9615384615384616	2.9914529914529915	2.6709401709401708	3.579059829059829	7.532051282051282	1.8696581196581197	4.647435897435898	4.594017094017095	8.92094017094017	6.837606837606838	6.570512820512821	4.647435897435898	6.463675213675215
Aba1_461301:461420	49.57983193277311	119	8.547008547008547	2.1367521367521367	5.555555555555555	3.418803418803419	4.273504273504273	10.683760683760683	2.1367521367521367	2.1367521367521367	1.282051282051282	3.418803418803419	2.1367521367521367	2.9914529914529915	3.8461538461538463	0.4273504273504274	5.555555555555555	3.418803418803419	14.529914529914532	3.418803418803419	9.82905982905983	5.555555555555555	4.700854700854701
Aba1_464857:465791	37.79443254817987	934	4.828326180257511	3.2188841201716736	3.165236051502146	3.004291845493562	6.384120171673819	10.675965665236053	3.487124463519313	2.7896995708154506	0.9120171673819742	3.004291845493562	2.736051502145923	3.5407725321888415	7.457081545064377	1.8776824034334765	4.667381974248927	4.6137339055794	9.066523605150214	6.491416309012875	6.920600858369099	4.721030042918455	6.437768240343347
Aba1_488032:493712	48.41549295774648	5680	5.635787249031349	2.976400140894681	3.2846072560760833	6.269813314547376	3.50475519549137	10.382176822824938	2.879535047551955	2.659387108136668	1.6555125044029588	6.269813314547376	2.826699542092286	3.249383585769637	4.473406128918633	1.3737231419513913	6.049665375132088	3.214159915463191	9.853821768228249	3.777738640366326	8.268756604438183	6.049665375132088	5.34519196900317
Aba1_522903:528541	48.43916282369634	5638	5.660042583392477	2.998580553584102	3.2558552164655787	6.254435770049681	3.4599006387508875	10.406316536550746	2.883250532292406	2.670333569907736	1.6501064584811924	6.254435770049681	2.812278211497516	3.2647267565649396	4.497870830376153	1.357345635202271	6.059261887863733	3.2114975159687718	9.865152590489709	3.7526614620298084	8.277146912704044	6.050390347764372	5.3584102200141945
Aba1_700899:701838	37.273695420660275	939	4.8025613660619	3.1483457844183564	2.9882604055496262	3.04162219850587	6.616862326574173	10.725720384204909	3.575240128068303	2.774813233724653	1.0138740661686232	3.04162219850587	2.6680896478121667	3.575240128068303	7.4706510138740665	1.814300960512273	4.695837780149413	4.5891141942369265	8.911419423692637	6.830309498399147	6.563500533617929	4.695837780149413	6.4567769477054435
Aba1_704329:705576	36.888532477947074	1247	4.417670682730924	3.132530120481928	2.9718875502008033	3.172690763052209	6.385542168674699	10.401606425702811	3.6947791164658637	2.7309236947791167	1.2449799196787148	3.172690763052209	3.092369477911647	3.453815261044177	7.710843373493977	2.289156626506024	4.738955823293173	4.819277108433735	8.714859437751004	6.506024096385541	6.184738955823294	4.738955823293173	6.425702811244979
Aba1_711428:711552	55.645161290322584	124	7.786885245901639	2.459016393442623	2.0491803278688523	7.786885245901639	2.459016393442623	8.60655737704918	2.459016393442623	3.278688524590164	1.2295081967213115	7.786885245901639	2.459016393442623	3.278688524590164	3.6885245901639343	0.4098360655737705	7.377049180327869	4.098360655737705	7.786885245901639	2.459016393442623	10.655737704918032	7.377049180327869	4.508196721311475
Aba1_711696:711917	47.963800904977376	221	7.30593607305936	2.968036529680365	2.5114155251141552	5.707762557077626	3.65296803652968	10.95890410958904	3.1963470319634704	3.1963470319634704	0.91324200913242	5.707762557077626	1.5981735159817352	4.337899543378995	5.0228310502283104	0.91324200913242	5.47945205479452	3.65296803652968	8.67579908675799	4.337899543378995	9.1324200913242	5.47945205479452	5.251141552511415
Aba1_831025:843507	51.17769588207018	12482	7.003205128205129	3.866185897435898	1.049679487179487	5.012019230769231	1.157852564102564	9.018429487179487	2.7363782051282053	6.217948717948718	2.1875	5.012019230769231	4.375	6.398237179487179	3.9503205128205128	1.6266025641025643	8.657852564102564	3.2572115384615388	8.44150641025641	1.1458333333333333	6.278044871794871	8.657852564102564	3.9503205128205128
Aba1_883334:884506	40.784982935153586	1172	4.957264957264957	3.547008547008547	2.9487179487179485	3.9316239316239314	5.427350427350428	10.299145299145298	3.034188034188034	3.418803418803419	1.6666666666666667	3.9316239316239314	3.1623931623931623	4.52991452991453	6.666666666666667	2.2222222222222223	5.0	4.102564102564102	9.65811965811966	5.555555555555555	5.683760683760684	4.957264957264957	5.299145299145299
Aba1_914715:915844	37.37821080602303	1129	5.235137533274179	2.1739130434782608	3.3717834960070983	2.839396628216504	6.521739130434782	11.002661934338953	4.081632653061225	3.061224489795918	1.5084294587400178	2.839396628216504	2.6619343389529724	4.436557231588288	6.832298136645963	1.8189884649511978	5.1020408163265305	4.835847382431234	9.228039041703639	6.699201419698314	5.1020408163265305	5.1020408163265305	5.545696539485359
Aba1_954745:966592	36.152612475732255	11847	3.7906289573659775	3.0350358801181936	2.9463908822287883	3.389615871675813	6.175601519628535	10.527648796960742	3.638666103841283	2.988602785985648	1.4352047277332207	3.389615871675813	3.203883495145631	3.73575348248206	8.151118615449557	2.148585901224145	4.917686787674124	5.339805825242718	8.69987336428873	6.10806247361756	5.031658927817645	4.917686787674124	6.428872942169692
Aba1_984274:985212	37.20682302771855	938	4.807692307692308	3.1517094017094016	2.9914529914529915	2.9914529914529915	6.623931623931624	10.737179487179487	3.632478632478633	2.7777777777777777	0.9615384615384616	2.9914529914529915	2.6709401709401708	3.579059829059829	7.532051282051282	1.8696581196581197	4.647435897435898	4.594017094017095	8.92094017094017	6.837606837606838	6.570512820512821	4.647435897435898	6.463675213675215
Aba1_1040079:1041018	37.273695420660275	939	4.8025613660619	3.1483457844183564	2.9882604055496262	3.04162219850587	6.616862326574173	10.725720384204909	3.628601921024546	2.774813233724653	0.96051227321238	2.9882604055496262	2.6680896478121667	3.575240128068303	7.524012806830309	1.814300960512273	4.695837780149413	4.5891141942369265	8.911419423692637	6.830309498399147	6.563500533617929	4.695837780149413	6.4567769477054435
Aba1_1067298:1068240	37.261146496815286	942	4.787234042553192	3.1382978723404253	2.9787234042553195	3.0319148936170213	6.595744680851063	10.691489361702128	3.6170212765957444	2.7659574468085104	1.0106382978723405	3.0319148936170213	2.7127659574468086	3.563829787234043	7.5	1.8617021276595744	4.680851063829787	4.574468085106383	8.936170212765958	6.808510638297872	6.542553191489361	4.680851063829787	6.489361702127659
Aba1_1193832:1194772	37.234042553191486	940	4.797441364605544	3.1982942430703627	2.9850746268656714	2.9850746268656714	6.609808102345416	10.714285714285714	3.624733475479744	2.771855010660981	0.9594882729211088	2.9850746268656714	2.6652452025586353	3.571428571428571	7.515991471215353	1.8656716417910446	4.637526652452026	4.584221748400854	8.955223880597014	6.823027718550106	6.556503198294243	4.690831556503198	6.50319829424307
Aba1_1196979:1197921	37.367303609341825	942	4.787234042553192	3.1914893617021276	2.9787234042553195	3.0319148936170213	6.542553191489361	10.691489361702128	3.6170212765957444	2.8191489361702127	0.9574468085106382	3.0319148936170213	2.7127659574468086	3.563829787234043	7.5	1.8617021276595744	4.680851063829787	4.574468085106383	8.882978723404255	6.75531914893617	6.595744680851063	4.73404255319149	6.489361702127659
Aba1_1272651:1273163	37.3046875	512	5.098039215686274	2.6470588235294117	3.431372549019608	3.5294117647058822	6.176470588235294	12.058823529411764	2.7450980392156863	2.7450980392156863	1.2745098039215685	3.5294117647058822	2.6470588235294117	4.117647058823529	7.156862745098039	1.8627450980392157	4.019607843137255	5.0	10.098039215686274	6.666666666666667	4.411764705882353	4.019607843137255	6.764705882352941
Aba1_1449269:1450436	40.78834618680377	1167	4.978540772532189	3.5622317596566524	2.96137339055794	3.9055793991416308	5.450643776824035	10.300429184549357	3.0472103004291844	3.4334763948497855	1.6309012875536482	3.9055793991416308	3.1759656652360517	4.506437768240343	6.652360515021459	2.2317596566523603	4.978540772532189	4.07725321888412	9.656652360515022	5.579399141630901	5.708154506437769	4.978540772532189	5.278969957081546
Aba1_1470214:1471161	37.17001055966209	947	4.761904761904762	3.1746031746031744	2.9629629629629632	3.015873015873016	6.56084656084656	10.687830687830688	3.5978835978835977	2.804232804232804	1.0052910052910053	3.015873015873016	2.751322751322751	3.5449735449735447	7.5132275132275135	1.9047619047619049	4.708994708994709	4.603174603174604	8.88888888888889	6.772486772486773	6.507936507936509	4.708994708994709	6.507936507936509
Aba1_1506873:1507812	37.38019169329073	939	4.8025613660619	3.1483457844183564	2.9882604055496262	3.04162219850587	6.563500533617929	10.725720384204909	3.628601921024546	2.774813233724653	0.96051227321238	3.04162219850587	2.72145144076841	3.575240128068303	7.524012806830309	1.8676627534685166	4.64247598719317	4.5891141942369265	8.858057630736393	6.776947705442902	6.616862326574173	4.695837780149413	6.4567769477054435
Aba1_1558839:1560012	40.750213128729754	1173	4.953031596925705	3.5439795046968405	2.9461998292058067	3.928266438941076	5.465414175918019	10.333048676345005	3.0742954739538857	3.3731853116994026	1.6652433817250214	3.928266438941076	3.0742954739538857	4.526046114432109	6.660973526900086	2.1776259607173354	4.995730145175064	4.141759180187873	9.607173356105893	5.593509820666098	5.721605465414176	4.995730145175064	5.2946199829205804
Aba1_1698739:1701068	38.342636324602836	2329	5.0709067468844005	2.728835410399656	3.137086377309841	3.308981521272024	6.1022776106575	10.678985818650624	3.738719381177482	2.9866781263429307	1.654490760636012	3.308981521272024	2.8577567683712934	4.125483455092393	7.241082939406962	1.869359690588741	4.9204984959174904	4.705629565964761	9.196390201976794	6.252685861624409	5.58659217877095	4.9204984959174904	5.608079071766222
Aba1_1739369:1740304	37.75401069518717	935	4.823151125401929	3.215434083601286	3.161843515541265	3.0010718113612005	6.377277599142552	10.664523043944266	3.536977491961415	2.786709539121115	0.9110396570203645	3.0010718113612005	2.7331189710610935	3.536977491961415	7.502679528403002	1.929260450160772	4.662379421221865	4.608788853161844	9.056806002143624	6.484458735262594	6.913183279742766	4.662379421221865	6.430868167202572
Aba1_1919734:1920574	37.26190476190476	840	4.77326968973747	2.983293556085919	3.162291169451074	2.983293556085919	6.8615751789976125	10.560859188544153	3.699284009546539	2.8042959427207634	0.9546539379474941	2.983293556085919	2.6849642004773266	3.5202863961813846	7.3389021479713605	1.8496420047732696	4.77326968973747	4.534606205250596	8.890214797136037	6.980906921241051	6.742243436754176	4.713603818615752	6.205250596658711
Aba1_1932679:1933801	37.5222816399287	1122	5.267857142857143	2.1875	3.3482142857142856	2.857142857142857	6.4732142857142865	10.982142857142858	4.107142857142857	3.0803571428571432	1.5178571428571428	2.857142857142857	2.6785714285714284	4.419642857142858	6.830357142857142	1.830357142857143	5.133928571428571	4.821428571428572	9.196428571428573	6.651785714285714	5.089285714285714	5.133928571428571	5.535714285714286
Aba1_1948678:1949619	37.30074388947928	941	4.792332268370607	3.1416400425985094	2.9818956336528224	3.035143769968051	6.602768903088392	10.702875399361023	3.62087326943557	2.768903088391906	1.0117145899893505	3.035143769968051	2.7156549520766773	3.567625133120341	7.507987220447284	1.863684771033014	4.685835995740149	4.579339723109691	8.892438764643238	6.815761448349308	6.549520766773163	4.685835995740149	6.443024494142705
Aba1_1996957:2000682	34.22818791946309	3725	3.33064732742412	2.6188557614826755	2.79344614558152	2.79344614558152	6.755304861670695	11.710985764168681	3.62610797743755	2.8740263228579104	1.02068224550094	2.79344614558152	2.6054257319366103	3.612677947891486	7.279076013967231	1.55788342734354	5.573462261616976	5.573462261616976	8.420628525382757	7.211925866236905	5.089981197958635	5.58689229116304	7.17163577759871
Aba1_2056612:2057243	40.729001584786054	631	4.769475357710652	3.418124006359301	2.8616852146263914	4.054054054054054	5.246422893481717	10.890302066772655	2.7821939586645468	3.4976152623211445	1.8282988871224166	4.054054054054054	3.4976152623211445	4.610492845786964	6.200317965023848	2.2257551669316373	5.166931637519872	3.8950715421303657	9.697933227344992	5.88235294117647	4.6899841017488075	5.166931637519872	5.5643879173290935
Aba1_2267858:2268700	37.173396674584325	842	4.761904761904762	2.976190476190476	3.1547619047619047	2.976190476190476	6.845238095238096	10.535714285714286	3.8095238095238098	2.797619047619048	0.9523809523809524	2.976190476190476	2.6785714285714284	3.511904761904762	7.380952380952381	1.8452380952380953	4.761904761904762	4.523809523809524	8.869047619047619	6.964285714285714	6.726190476190476	4.761904761904762	6.190476190476191
Aba1_2362374:2363312	37.20682302771855	938	4.807692307692308	3.1517094017094016	2.9914529914529915	2.9914529914529915	6.623931623931624	10.737179487179487	3.632478632478633	2.7777777777777777	0.9615384615384616	2.9914529914529915	2.6709401709401708	3.579059829059829	7.532051282051282	1.8696581196581197	4.647435897435898	4.594017094017095	8.92094017094017	6.837606837606838	6.570512820512821	4.647435897435898	6.463675213675215
Aba1_2450795:2451731	37.28632478632478	936	4.817987152034261	3.1584582441113493	2.9978586723768736	2.9978586723768736	6.638115631691649	10.76017130620985	3.5331905781584587	2.7837259100642395	0.9635974304068522	2.9978586723768736	2.676659528907923	3.5867237687366167	7.494646680942184	1.8201284796573876	4.657387580299786	4.6038543897216275	8.940042826552462	6.852248394004283	6.58458244111349	4.657387580299786	6.477516059957174
Aba1_2519872:2520810	37.20682302771855	938	4.807692307692308	3.1517094017094016	2.9914529914529915	2.9914529914529915	6.623931623931624	10.737179487179487	3.632478632478633	2.7777777777777777	0.9615384615384616	2.9914529914529915	2.6709401709401708	3.579059829059829	7.532051282051282	1.8162393162393164	4.647435897435898	4.594017094017095	8.92094017094017	6.837606837606838	6.570512820512821	4.700854700854701	6.463675213675215
Aba1_2528425:2529362	37.353255069370334	937	4.81283422459893	3.155080213903743	2.9946524064171123	3.048128342245989	6.577540106951872	10.748663101604278	3.5828877005347595	2.7807486631016043	0.9625668449197862	3.048128342245989	2.6737967914438503	3.5828877005347595	7.4866310160427805	1.8181818181818181	4.652406417112299	4.598930481283422	8.877005347593583	6.79144385026738	6.631016042780749	4.705882352941177	6.470588235294119
Aba1_2560170:2561114	37.28813559322034	944	4.777070063694268	3.1316348195329087	2.9723991507431	3.0785562632696393	6.528662420382165	10.668789808917198	3.6093418259023355	2.7600849256900215	1.0084925690021231	3.0785562632696393	2.7600849256900215	3.5562632696390657	7.537154989384288	1.910828025477707	4.670912951167728	4.617834394904459	8.86411889596603	6.740976645435244	6.581740976645436	4.670912951167728	6.475583864118896
Aba1_2575179:2576121	37.261146496815286	942	4.787234042553192	3.1914893617021276	2.9787234042553195	2.9787234042553195	6.595744680851063	10.691489361702128	3.6170212765957444	2.8191489361702127	0.9574468085106382	2.9787234042553195	2.7127659574468086	3.563829787234043	7.5	1.8617021276595744	4.680851063829787	4.574468085106383	8.936170212765958	6.808510638297872	6.542553191489361	4.73404255319149	6.489361702127659
Aba1_2737792:2738790	39.57915831663327	998	5.923694779116466	2.5100401606425704	3.2630522088353415	3.8654618473895583	5.873493975903615	11.495983935742972	2.86144578313253	2.459839357429719	1.5562248995983934	3.8654618473895583	2.5602409638554215	3.815261044176707	6.7269076305220885	1.8072289156626504	4.26706827309237	4.8694779116465865	9.738955823293173	6.174698795180722	5.622489959839357	4.26706827309237	6.475903614457831
Aba1_2757731:2758167	38.07339449541284	436	3.4562211981566824	3.110599078341014	3.8018433179723505	4.147465437788019	6.797235023041474	9.90783410138249	2.7649769585253456	2.0737327188940093	1.9585253456221197	4.147465437788019	3.686635944700461	3.4562211981566824	7.71889400921659	2.0737327188940093	4.493087557603687	4.723502304147465	9.7926267281106	6.221198156682028	4.838709677419355	4.493087557603687	6.336405529953917
Aba1_2815156:2827005	36.14651025402988	11849	3.789989026757829	3.0345235080611124	2.945893475141386	3.3890436397400183	6.174558960074281	10.530092006415126	3.638051827466869	2.9880982527222084	1.434962437747953	3.3890436397400183	3.203342618384401	3.7351228159027605	8.15396302861484	2.1482231788638475	4.916856588165781	5.343124841732084	8.698404659407446	6.1070313159449645	5.030809487634	4.916856588165781	6.432008103317295
Aba1_2847836:2848773	37.45997865528282	937	4.81283422459893	3.155080213903743	2.9946524064171123	3.1016042780748663	6.577540106951872	10.748663101604278	3.5294117647058822	2.7807486631016043	0.9625668449197862	3.048128342245989	2.6737967914438503	3.5828877005347595	7.4866310160427805	1.8181818181818181	4.705882352941177	4.598930481283422	8.877005347593583	6.79144385026738	6.631016042780749	4.652406417112299	6.470588235294119
Aba1_2850127:2850597	38.723404255319146	470	5.769230769230769	2.4572649572649574	2.8846153846153846	3.7393162393162394	6.196581196581197	10.576923076923077	3.632478632478633	3.205128205128205	1.0683760683760684	3.7393162393162394	2.8846153846153846	3.7393162393162394	7.371794871794872	1.9230769230769231	4.487179487179487	4.914529914529915	7.799145299145299	6.089743589743589	6.517094017094018	4.594017094017095	6.41025641025641
Aba1_2851018:2851954	37.17948717948718	936	4.817987152034261	3.1584582441113493	2.9978586723768736	2.9978586723768736	6.638115631691649	10.76017130620985	3.5867237687366167	2.7837259100642395	0.9635974304068522	2.9978586723768736	2.6231263383297643	3.5867237687366167	7.494646680942184	1.8201284796573876	4.657387580299786	4.6038543897216275	8.940042826552462	6.852248394004283	6.58458244111349	4.657387580299786	6.477516059957174
Aba1_3032234:3044081	36.152612475732255	11847	3.7906289573659775	3.0350358801181936	2.9463908822287883	3.389615871675813	6.175601519628535	10.527648796960742	3.638666103841283	2.988602785985648	1.4352047277332207	3.389615871675813	3.203883495145631	3.73575348248206	8.151118615449557	2.148585901224145	4.917686787674124	5.339805825242718	8.69987336428873	6.10806247361756	5.031658927817645	4.917686787674124	6.428872942169692
Aba1_3125017:3125320	37.62376237623762	303	2.6578073089700998	2.990033222591362	4.485049833887043	4.318936877076411	7.475083056478406	10.465116279069768	2.6578073089700998	1.495016611295681	2.1594684385382057	4.318936877076411	2.823920265780731	3.6544850498338874	7.641196013289036	1.3289036544850499	4.318936877076411	4.817275747508306	10.132890365448505	6.810631229235881	5.3156146179401995	4.318936877076411	5.813953488372093
Aba1_3174198:3175250	44.39163498098859	1052	4.571428571428571	2.857142857142857	3.2857142857142856	3.4761904761904763	4.095238095238096	10.238095238095237	3.4761904761904763	3.380952380952381	1.8571428571428572	3.5238095238095237	3.380952380952381	3.9523809523809526	4.238095238095238	1.2857142857142856	7.9523809523809526	3.7619047619047623	9.571428571428571	4.380952380952381	7.904761904761905	7.9523809523809526	4.857142857142857
Aba1_3209473:3209641	45.833333333333336	168	8.433734939759036	2.710843373493976	1.5060240963855422	6.626506024096386	4.819277108433735	11.44578313253012	1.2048192771084338	3.91566265060241	1.8072289156626504	6.626506024096386	1.8072289156626504	4.819277108433735	5.72289156626506	1.5060240963855422	3.614457831325301	5.120481927710843	6.024096385542169	6.325301204819277	7.83132530120482	3.614457831325301	4.518072289156627
Aba1_3384613:3390021	49.16789940828402	5408	5.826859045504994	2.9689234184239734	3.264890862005179	6.418793932667406	3.357380688124306	10.284868664446911	2.894931557528672	2.719200887902331	1.6555678875323714	6.418793932667406	2.8486866444691086	3.2463928967813542	4.282278949315575	1.3780984091749908	6.104328523862375	3.0614132445431004	9.86866444691084	3.625601183869774	8.435072142064373	6.113577506474288	5.225675175730669
Aba1_3475104:3475225	41.32231404958678	121	0.0	6.302521008403361	3.361344537815126	4.201680672268908	4.621848739495799	4.621848739495799	3.361344537815126	3.361344537815126	2.100840336134454	4.621848739495799	9.663865546218489	1.2605042016806722	5.042016806722689	9.243697478991598	6.302521008403361	1.2605042016806722	9.243697478991598	4.621848739495799	5.042016806722689	6.302521008403361	5.46218487394958
Aba1_3780687:3781572	44.067796610169495	885	4.983012457531144	2.7180067950169877	3.3408833522083805	3.1710079275198186	4.246885617214043	10.532276330690827	3.737259343148358	3.567383918459796	1.5288788221970555	3.1710079275198186	3.227633069082673	3.9637599093997737	4.246885617214043	1.1325028312570782	7.814269535673839	3.5107587768969424	9.739524348810873	4.756511891279728	7.984144960362401	7.814269535673839	4.813137032842582
Aba1_3838649:3850497	36.149561107359894	11848	3.7903089650514943	3.0347796724632787	2.9461421576903595	3.3893297315549553	6.175080195846699	10.530980921830153	3.63835893972649	2.9883504980584163	1.4350835725139288	3.3893297315549553	3.2036130339355053	3.7354381225730204	8.150430525071755	2.1484045247340875	4.917271652878609	5.339355056559176	8.699138949856492	6.107546851257808	5.031234171872362	4.917271652878609	6.4325510720918455
Aba1_3882334:3888002	48.4121383203952	5668	5.665372396752559	3.0003529827038475	3.265090010589481	6.230144722908578	3.4415813625132365	10.412989763501589	2.8856336039534063	2.665019414048712	1.650194140487116	6.230144722908578	2.841510765972467	3.256265442993293	4.491704906459583	1.3854571126014825	6.053653370984822	3.203318037416167	9.892340275326509	3.741616660783621	8.259795270031768	6.053653370984822	5.374161666078362
Aba1_4051734:4057153	49.17881527957188	5419	5.815026767583533	2.962894591102086	3.276721432527229	6.424220047997046	3.3505630422743216	10.28244415728263	2.889052981354993	2.7229093594240354	1.661436219309581	6.424220047997046	2.8705925789182207	3.2398006276536826	4.273583164112978	1.3937603839763706	6.110393206571904	3.055196603285952	9.867085102455233	3.618238877607532	8.42717371238693	6.110393206571904	5.224293889606793
Aba1_4059861:4061020	40.89732528041415	1159	5.012964563526361	3.58686257562662	2.938634399308557	3.932584269662921	5.445116681071737	10.328435609334486	3.0682800345721692	3.41400172860847	1.6421780466724287	3.932584269662921	3.1114952463267067	4.49438202247191	6.611927398444252	2.2039757994814178	4.969749351771824	4.0190146931719966	9.680207433016422	5.617977528089887	5.7476231633535	4.969749351771824	5.2722558340535866
Aba1_4116660:4117832	40.784982935153586	1172	4.957264957264957	3.547008547008547	2.9487179487179485	3.9316239316239314	5.427350427350428	10.299145299145298	3.034188034188034	3.418803418803419	1.6666666666666667	3.9316239316239314	3.1623931623931623	4.52991452991453	6.666666666666667	2.2222222222222223	5.0	4.102564102564102	9.65811965811966	5.555555555555555	5.683760683760684	4.957264957264957	5.299145299145299
Aba1_4142794:4143960	40.65180102915952	1166	4.982817869415808	3.52233676975945	2.9639175257731956	3.865979381443299	5.412371134020619	10.438144329896907	3.0927835051546393	3.393470790378007	1.632302405498282	3.865979381443299	3.1357388316151202	4.510309278350515	6.61512027491409	2.2336769759450172	4.982817869415808	4.080756013745704	9.664948453608249	5.6271477663230245	5.670103092783505	4.982817869415808	5.326460481099656
Aba1_4159433:4160285	38.14553990610329	852	5.529411764705882	2.0588235294117645	3.2352941176470593	2.823529411764706	6.529411764705882	11.117647058823529	3.9411764705882355	3.058823529411765	1.588235294117647	2.823529411764706	2.6470588235294117	4.352941176470588	6.0	1.7647058823529411	5.470588235294118	4.588235294117647	9.235294117647058	6.8235294117647065	5.352941176470588	5.470588235294118	5.588235294117648
Aba1_4160420:4160558	29.71014492753623	138	2.2058823529411766	2.5735294117647056	3.308823529411765	2.5735294117647056	7.720588235294118	11.029411764705882	4.779411764705882	2.2058823529411766	1.4705882352941175	2.5735294117647056	2.5735294117647056	3.6764705882352944	9.926470588235293	1.8382352941176472	4.411764705882353	6.25	8.455882352941178	7.720588235294118	3.308823529411765	4.411764705882353	6.985294117647059
Aba1_4161756:4162643	40.698985343855696	887	5.19774011299435	3.446327683615819	2.8813559322033897	3.728813559322034	4.745762711864407	10.056497175141244	3.3333333333333335	3.1073446327683616	1.977401129943503	3.728813559322034	3.446327683615819	3.954802259887006	7.514124293785311	2.2598870056497176	5.084745762711865	4.632768361581921	9.209039548022599	4.745762711864407	6.3276836158192085	5.084745762711865	5.536723163841808
Aba1_4183086:4184710	36.26847290640394	1624	4.254007398273736	2.219482120838471	2.127003699136868	3.976572133168927	5.702836004932182	10.60419235511714	4.469790382244144	3.5758323057953145	1.6337854500616522	3.976572133168927	3.3292231812577064	3.45252774352651	7.983970406905056	2.003699136868064	5.579531442663378	5.548705302096177	7.336621454993835	5.887792848335388	4.346485819975339	5.579531442663378	6.411837237977805
Aba1_4190690:4192392	35.89894242068155	1702	4.117647058823529	2.176470588235294	2.176470588235294	3.9411764705882355	5.6764705882352935	10.735294117647058	4.588235294117647	3.5000000000000004	1.6176470588235297	3.9411764705882355	3.264705882352941	3.4117647058823533	8.088235294117647	2.0	5.529411764705882	5.588235294117648	7.38235294117647	5.88235294117647	4.352941176470588	5.529411764705882	6.5
