Aba1_34275:35216	933	1	sp|P0CF88|INSI1_ECOLI	371	39.752	9.06e-60	99
Aba1_34275:35216	933	1	sp|P0CF89|INSI3_ECOLI	371	39.752	1.63e-59	99
Aba1_34275:35216	933	1	sp|P0CF90|INSI4_ECOLI	371	39.752	1.63e-59	99
Aba1_131048:131986	7	936	sp|P0CF88|INSI1_ECOLI	370	39.564	1.22e-58	99
Aba1_131048:131986	7	936	sp|P0CF89|INSI3_ECOLI	370	39.564	2.24e-58	99
Aba1_131048:131986	7	936	sp|P0CF90|INSI4_ECOLI	370	39.564	2.24e-58	99
Aba1_211273:212211	930	1	sp|P0CF88|INSI1_ECOLI	370	39.564	1.22e-58	99
Aba1_211273:212211	930	1	sp|P0CF89|INSI3_ECOLI	370	39.564	2.24e-58	99
Aba1_211273:212211	930	1	sp|P0CF90|INSI4_ECOLI	370	39.564	2.24e-58	99
Aba1_464857:465791	473	796	sp|P0CF88|INSI1_ECOLI	324	47.222	2.77e-27	87
Aba1_464857:465791	763	933	sp|P0CF88|INSI1_ECOLI	370	52.632	1.79e-08	87
Aba1_464857:465791	7	354	sp|P0CF88|INSI1_ECOLI	173	31.967	8.94e-06	87
Aba1_464857:465791	473	796	sp|P0CF89|INSI3_ECOLI	324	47.222	4.50e-27	87
Aba1_464857:465791	763	933	sp|P0CF89|INSI3_ECOLI	370	52.632	1.91e-08	87
Aba1_464857:465791	7	354	sp|P0CF89|INSI3_ECOLI	173	31.967	9.26e-06	87
Aba1_464857:465791	473	796	sp|P0CF90|INSI4_ECOLI	324	47.222	4.50e-27	87
Aba1_464857:465791	763	933	sp|P0CF90|INSI4_ECOLI	370	52.632	1.91e-08	87
Aba1_464857:465791	7	354	sp|P0CF90|INSI4_ECOLI	173	31.967	9.26e-06	87
Aba1_700899:701838	7	939	sp|P0CF88|INSI1_ECOLI	371	39.752	9.06e-60	99
Aba1_700899:701838	7	939	sp|P0CF89|INSI3_ECOLI	371	39.752	1.63e-59	99
Aba1_700899:701838	7	939	sp|P0CF90|INSI4_ECOLI	371	39.752	1.63e-59	99
Aba1_704329:705576	299	1246	sp|P0CF88|INSI1_ECOLI	371	39.450	1.40e-58	76
Aba1_704329:705576	299	1246	sp|P0CF89|INSI3_ECOLI	371	39.450	2.85e-58	76
Aba1_704329:705576	299	1246	sp|P0CF90|INSI4_ECOLI	371	39.450	2.85e-58	76
Aba1_704329:705576	233	9	sp|P19769|INSK_ECOLI	274	36.000	8.41e-08	18
Aba1_883334:884506	1081	20	sp|P80011|TRA3_RHIME	383	50.986	3.60e-133	91
Aba1_883334:884506	1099	41	sp|P19775|TRA6_STAAU	378	27.809	2.39e-41	90
Aba1_914715:915844	291	1127	sp|P0CF83|INSF5_ECOLI	281	39.858	2.58e-66	74
Aba1_914715:915844	291	1127	sp|P0CF84|INSF6_ECOLI	281	39.858	2.58e-66	74
Aba1_914715:915844	291	1127	sp|P0CF85|INSF_ECO11	281	39.858	2.58e-66	74
Aba1_914715:915844	291	1127	sp|P0CF81|INSF3_ECOLI	281	39.858	2.58e-66	74
Aba1_914715:915844	291	1127	sp|P0CF82|INSF4_ECOLI	281	39.858	2.58e-66	74
Aba1_914715:915844	291	1127	sp|P0CF80|INSF2_ECOLI	281	39.858	2.58e-66	74
Aba1_914715:915844	291	1127	sp|P0CF79|INSF1_ECOLI	281	39.858	2.58e-66	74
Aba1_914715:915844	291	1127	sp|Q9JMT3|INSF7_ECOLI	281	39.502	1.20e-64	74
Aba1_914715:915844	306	1121	sp|P19769|INSK_ECOLI	271	34.066	1.55e-39	72
Aba1_914715:915844	402	890	sp|Q47718|INSO2_ECOLI	191	31.792	2.55e-19	43
Aba1_914715:915844	381	857	sp|P11257|T341_ECOLX	192	26.415	2.90e-12	42
Aba1_914715:915844	402	698	sp|P75680|INSO1_ECOLI	120	31.683	4.88e-06	26
Aba1_914715:915844	855	1055	sp|Q9JMS8|YUAL_ECOLI	67	34.328	5.60e-05	18
Aba1_954745:966592	9723	8296	sp|P55189|YBAR_BACSU	476	58.193	7.84e-173	12
Aba1_954745:966592	9702	8242	sp|O06984|YVDB_BACSU	527	26.204	1.01e-46	12
Aba1_954745:966592	9687	8431	sp|P0AFR2|DAUA_ECOLI	491	25.702	1.50e-29	11
Aba1_954745:966592	9687	8431	sp|P0AFR3|DAUA_ECO57	491	25.702	1.50e-29	11
Aba1_954745:966592	1047	2084	sp|P18416|TRA3_STAAU	337	27.654	4.86e-25	9
Aba1_954745:966592	846	2231	sp|P13989|TNSB_ECOLX	519	21.361	1.59e-14	12
Aba1_954745:966592	7605	7384	sp|P42297|YXIE_BACSU	148	33.784	7.11e-05	2
Aba1_954745:966592	2875	3561	sp|P05846|TNSC_ECOLX	373	22.800	8.98e-04	6
Aba1_984274:985212	930	1	sp|P0CF88|INSI1_ECOLI	370	39.564	1.22e-58	99
Aba1_984274:985212	930	1	sp|P0CF89|INSI3_ECOLI	370	39.564	2.24e-58	99
Aba1_984274:985212	930	1	sp|P0CF90|INSI4_ECOLI	370	39.564	2.24e-58	99
Aba1_1040079:1041018	932	3	sp|P0CF88|INSI1_ECOLI	370	39.564	1.22e-58	99
Aba1_1040079:1041018	932	3	sp|P0CF89|INSI3_ECOLI	370	39.564	2.24e-58	99
Aba1_1040079:1041018	932	3	sp|P0CF90|INSI4_ECOLI	370	39.564	2.24e-58	99
Aba1_1067298:1068240	933	1	sp|P0CF88|INSI1_ECOLI	371	39.752	8.59e-60	99
Aba1_1067298:1068240	933	1	sp|P0CF89|INSI3_ECOLI	371	39.752	1.63e-59	99
Aba1_1067298:1068240	933	1	sp|P0CF90|INSI4_ECOLI	371	39.752	1.63e-59	99
Aba1_1193832:1194772	930	1	sp|P0CF88|INSI1_ECOLI	370	39.564	1.04e-58	99
Aba1_1193832:1194772	930	1	sp|P0CF89|INSI3_ECOLI	370	39.564	2.24e-58	99
Aba1_1193832:1194772	930	1	sp|P0CF90|INSI4_ECOLI	370	39.564	2.24e-58	99
Aba1_1196979:1197921	12	941	sp|P0CF88|INSI1_ECOLI	370	39.564	1.04e-58	99
Aba1_1196979:1197921	12	941	sp|P0CF89|INSI3_ECOLI	370	39.564	2.24e-58	99
Aba1_1196979:1197921	12	941	sp|P0CF90|INSI4_ECOLI	370	39.564	2.24e-58	99
Aba1_1449269:1450436	1077	16	sp|P80011|TRA3_RHIME	383	50.986	2.40e-133	91
Aba1_1449269:1450436	1095	37	sp|P19775|TRA6_STAAU	378	27.809	2.29e-41	91
Aba1_1470214:1471161	12	944	sp|P0CF88|INSI1_ECOLI	371	39.752	7.39e-60	99
Aba1_1470214:1471161	12	944	sp|P0CF89|INSI3_ECOLI	371	39.752	1.61e-59	99
Aba1_1470214:1471161	12	944	sp|P0CF90|INSI4_ECOLI	371	39.752	1.61e-59	99
Aba1_1506873:1507812	9	938	sp|P0CF88|INSI1_ECOLI	370	39.564	1.22e-58	99
Aba1_1506873:1507812	9	938	sp|P0CF89|INSI3_ECOLI	370	39.564	2.24e-58	99
Aba1_1506873:1507812	9	938	sp|P0CF90|INSI4_ECOLI	370	39.564	2.24e-58	99
Aba1_1558839:1560012	1086	1	sp|P80011|TRA3_RHIME	391	50.413	3.58e-133	93
Aba1_1558839:1560012	1104	46	sp|P19775|TRA6_STAAU	378	27.809	2.49e-41	90
Aba1_1698739:1701068	885	4	sp|P03009|TRA2_ECOLX	299	40.468	8.77e-65	38
Aba1_1698739:1701068	2039	1200	sp|P0CF83|INSF5_ECOLI	282	39.716	1.17e-62	36
Aba1_1698739:1701068	2039	1200	sp|P0CF84|INSF6_ECOLI	282	39.716	1.17e-62	36
Aba1_1698739:1701068	2039	1200	sp|P0CF85|INSF_ECO11	282	39.716	1.17e-62	36
Aba1_1698739:1701068	2039	1200	sp|P0CF81|INSF3_ECOLI	282	39.716	1.17e-62	36
Aba1_1698739:1701068	2039	1200	sp|P0CF82|INSF4_ECOLI	282	39.716	1.17e-62	36
Aba1_1698739:1701068	2039	1200	sp|P0CF80|INSF2_ECOLI	282	39.716	1.17e-62	36
Aba1_1698739:1701068	2039	1200	sp|P0CF79|INSF1_ECOLI	282	39.716	1.17e-62	36
Aba1_1698739:1701068	2039	1200	sp|Q9JMT3|INSF7_ECOLI	282	39.362	4.51e-61	36
Aba1_1698739:1701068	2024	1209	sp|P19769|INSK_ECOLI	271	34.066	1.53e-37	35
Aba1_1698739:1701068	1928	1440	sp|Q47718|INSO2_ECOLI	191	31.792	1.13e-18	21
Aba1_1698739:1701068	1949	1473	sp|P11257|T341_ECOLX	192	28.302	8.92e-12	20
Aba1_1698739:1701068	1988	1632	sp|P75680|INSO1_ECOLI	120	31.496	6.41e-05	15
Aba1_1698739:1701068	1475	1275	sp|Q9JMS8|YUAL_ECOLI	67	34.328	1.27e-04	9
Aba1_1739369:1740304	461	138	sp|P0CF88|INSI1_ECOLI	324	47.222	2.77e-27	87
Aba1_1739369:1740304	171	1	sp|P0CF88|INSI1_ECOLI	370	52.632	1.79e-08	87
Aba1_1739369:1740304	927	580	sp|P0CF88|INSI1_ECOLI	173	31.967	8.94e-06	87
Aba1_1739369:1740304	461	138	sp|P0CF89|INSI3_ECOLI	324	47.222	4.50e-27	87
Aba1_1739369:1740304	171	1	sp|P0CF89|INSI3_ECOLI	370	52.632	1.91e-08	87
Aba1_1739369:1740304	927	580	sp|P0CF89|INSI3_ECOLI	173	31.967	9.26e-06	87
Aba1_1739369:1740304	461	138	sp|P0CF90|INSI4_ECOLI	324	47.222	4.50e-27	87
Aba1_1739369:1740304	171	1	sp|P0CF90|INSI4_ECOLI	370	52.632	1.91e-08	87
Aba1_1739369:1740304	927	580	sp|P0CF90|INSI4_ECOLI	173	31.967	9.26e-06	87
Aba1_1919734:1920574	835	2	sp|P0CF88|INSI1_ECOLI	338	38.408	8.32e-50	99
Aba1_1919734:1920574	835	2	sp|P0CF89|INSI3_ECOLI	338	38.408	1.57e-49	99
Aba1_1919734:1920574	835	2	sp|P0CF90|INSI4_ECOLI	338	38.408	1.57e-49	99
Aba1_1932679:1933801	835	5	sp|P0CF83|INSF5_ECOLI	279	39.785	1.43e-65	74
Aba1_1932679:1933801	835	5	sp|P0CF84|INSF6_ECOLI	279	39.785	1.43e-65	74
Aba1_1932679:1933801	835	5	sp|P0CF85|INSF_ECO11	279	39.785	1.43e-65	74
Aba1_1932679:1933801	835	5	sp|P0CF81|INSF3_ECOLI	279	39.785	1.43e-65	74
Aba1_1932679:1933801	835	5	sp|P0CF82|INSF4_ECOLI	279	39.785	1.43e-65	74
Aba1_1932679:1933801	835	5	sp|P0CF80|INSF2_ECOLI	279	39.785	1.43e-65	74
Aba1_1932679:1933801	835	5	sp|P0CF79|INSF1_ECOLI	279	39.785	1.43e-65	74
Aba1_1932679:1933801	835	5	sp|Q9JMT3|INSF7_ECOLI	279	39.427	6.60e-64	74
Aba1_1932679:1933801	820	5	sp|P19769|INSK_ECOLI	271	34.066	1.46e-39	73
Aba1_1932679:1933801	724	236	sp|Q47718|INSO2_ECOLI	191	31.792	2.79e-19	44
Aba1_1932679:1933801	745	269	sp|P11257|T341_ECOLX	192	26.415	3.12e-12	43
Aba1_1932679:1933801	724	428	sp|P75680|INSO1_ECOLI	120	31.683	4.75e-06	26
Aba1_1932679:1933801	271	71	sp|Q9JMS8|YUAL_ECOLI	67	34.328	5.36e-05	18
Aba1_1948678:1949619	9	941	sp|P0CF88|INSI1_ECOLI	371	39.752	9.06e-60	99
Aba1_1948678:1949619	9	941	sp|P0CF89|INSI3_ECOLI	371	39.752	1.63e-59	99
Aba1_1948678:1949619	9	941	sp|P0CF90|INSI4_ECOLI	371	39.752	1.63e-59	99
Aba1_1996957:2000682	3479	2274	sp|P69547|REP_BPM13	410	35.266	2.42e-70	65
Aba1_1996957:2000682	1465	260	sp|P69547|REP_BPM13	410	35.266	2.42e-70	65
Aba1_1996957:2000682	3479	2271	sp|P03660|REP_BPIKE	412	33.012	6.17e-70	65
Aba1_1996957:2000682	1465	257	sp|P03660|REP_BPIKE	412	33.012	6.17e-70	65
Aba1_1996957:2000682	3479	2274	sp|P69546|REP_BPF1	410	35.024	7.32e-70	65
Aba1_1996957:2000682	1465	260	sp|P69546|REP_BPF1	410	35.024	7.32e-70	65
Aba1_1996957:2000682	3479	2274	sp|P69545|REP_BPFD	410	34.783	1.38e-69	65
Aba1_1996957:2000682	1465	260	sp|P69545|REP_BPFD	410	34.783	1.38e-69	65
Aba1_2056612:2057243	86	631	sp|P80011|TRA3_RHIME	210	51.648	2.86e-61	87
Aba1_2056612:2057243	68	631	sp|P19775|TRA6_STAAU	212	31.746	4.67e-27	89
Aba1_2267858:2268700	835	2	sp|P0CF88|INSI1_ECOLI	338	38.408	8.49e-50	99
Aba1_2267858:2268700	835	2	sp|P0CF89|INSI3_ECOLI	338	38.408	1.51e-49	99
Aba1_2267858:2268700	835	2	sp|P0CF90|INSI4_ECOLI	338	38.408	1.51e-49	99
Aba1_2362374:2363312	9	938	sp|P0CF88|INSI1_ECOLI	370	39.564	1.22e-58	99
Aba1_2362374:2363312	9	938	sp|P0CF89|INSI3_ECOLI	370	39.564	2.24e-58	99
Aba1_2362374:2363312	9	938	sp|P0CF90|INSI4_ECOLI	370	39.564	2.24e-58	99
Aba1_2450795:2451731	6	935	sp|P0CF88|INSI1_ECOLI	370	39.564	1.06e-58	99
Aba1_2450795:2451731	6	935	sp|P0CF89|INSI3_ECOLI	370	39.564	2.22e-58	99
Aba1_2450795:2451731	6	935	sp|P0CF90|INSI4_ECOLI	370	39.564	2.22e-58	99
Aba1_2519872:2520810	8	937	sp|P0CF88|INSI1_ECOLI	370	39.564	1.22e-58	99
Aba1_2519872:2520810	8	937	sp|P0CF89|INSI3_ECOLI	370	39.564	2.24e-58	99
Aba1_2519872:2520810	8	937	sp|P0CF90|INSI4_ECOLI	370	39.564	2.24e-58	99
Aba1_2528425:2529362	7	936	sp|P0CF88|INSI1_ECOLI	370	39.564	1.22e-58	99
Aba1_2528425:2529362	7	936	sp|P0CF89|INSI3_ECOLI	370	39.564	2.24e-58	99
Aba1_2528425:2529362	7	936	sp|P0CF90|INSI4_ECOLI	370	39.564	2.24e-58	99
Aba1_2560170:2561114	935	3	sp|P0CF88|INSI1_ECOLI	371	39.752	8.59e-60	99
Aba1_2560170:2561114	935	3	sp|P0CF89|INSI3_ECOLI	371	39.752	1.63e-59	99
Aba1_2560170:2561114	935	3	sp|P0CF90|INSI4_ECOLI	371	39.752	1.63e-59	99
Aba1_2575179:2576121	12	941	sp|P0CF88|INSI1_ECOLI	370	39.564	1.04e-58	99
Aba1_2575179:2576121	12	941	sp|P0CF89|INSI3_ECOLI	370	39.564	2.24e-58	99
Aba1_2575179:2576121	12	941	sp|P0CF90|INSI4_ECOLI	370	39.564	2.24e-58	99
Aba1_2815156:2827005	9724	8297	sp|P55189|YBAR_BACSU	476	58.193	7.84e-173	12
Aba1_2815156:2827005	9703	8243	sp|O06984|YVDB_BACSU	527	26.204	1.01e-46	12
Aba1_2815156:2827005	9688	8432	sp|P0AFR2|DAUA_ECOLI	491	25.702	1.50e-29	11
Aba1_2815156:2827005	9688	8432	sp|P0AFR3|DAUA_ECO57	491	25.702	1.50e-29	11
Aba1_2815156:2827005	1048	2085	sp|P18416|TRA3_STAAU	337	27.654	4.86e-25	9
Aba1_2815156:2827005	847	2232	sp|P13989|TNSB_ECOLX	519	21.361	1.59e-14	12
Aba1_2815156:2827005	7606	7385	sp|P42297|YXIE_BACSU	148	33.784	7.11e-05	2
Aba1_2815156:2827005	2876	3562	sp|P05846|TNSC_ECOLX	373	22.800	8.98e-04	6
Aba1_2847836:2848773	6	935	sp|P0CF88|INSI1_ECOLI	370	39.564	1.06e-58	99
Aba1_2847836:2848773	6	935	sp|P0CF89|INSI3_ECOLI	370	39.564	2.22e-58	99
Aba1_2847836:2848773	6	935	sp|P0CF90|INSI4_ECOLI	370	39.564	2.22e-58	99
Aba1_2850127:2850597	10	465	sp|P0CF88|INSI1_ECOLI	368	51.974	1.77e-48	97
Aba1_2850127:2850597	10	465	sp|P0CF89|INSI3_ECOLI	368	51.974	3.73e-48	97
Aba1_2850127:2850597	10	465	sp|P0CF90|INSI4_ECOLI	368	51.974	3.73e-48	97
Aba1_2851018:2851954	930	1	sp|P0CF88|INSI1_ECOLI	370	39.564	1.22e-58	99
Aba1_2851018:2851954	930	1	sp|P0CF89|INSI3_ECOLI	370	39.564	2.24e-58	99
Aba1_2851018:2851954	930	1	sp|P0CF90|INSI4_ECOLI	370	39.564	2.24e-58	99
Aba1_3032234:3044081	2126	3553	sp|P55189|YBAR_BACSU	476	58.193	7.84e-173	12
Aba1_3032234:3044081	2147	3607	sp|O06984|YVDB_BACSU	527	26.204	1.01e-46	12
Aba1_3032234:3044081	2162	3418	sp|P0AFR2|DAUA_ECOLI	491	25.702	1.50e-29	11
Aba1_3032234:3044081	2162	3418	sp|P0AFR3|DAUA_ECO57	491	25.702	1.50e-29	11
Aba1_3032234:3044081	10802	9765	sp|P18416|TRA3_STAAU	337	27.654	4.86e-25	9
Aba1_3032234:3044081	11003	9618	sp|P13989|TNSB_ECOLX	519	21.361	1.59e-14	12
Aba1_3032234:3044081	4244	4465	sp|P42297|YXIE_BACSU	148	33.784	7.10e-05	2
Aba1_3032234:3044081	8974	8288	sp|P05846|TNSC_ECOLX	373	22.800	8.98e-04	6
Aba1_3174198:3175250	1051	2	sp|A7ZUJ2|EFTU2_ECO24	369	84.286	0.0	99
Aba1_3174198:3175250	1051	2	sp|P0A6N2|EFTU_ECOL6	369	84.286	0.0	99
Aba1_3174198:3175250	1051	2	sp|B1IVA7|EFTU2_ECOLC	369	84.286	0.0	99
Aba1_3174198:3175250	1051	2	sp|P0CE48|EFTU2_ECOLI	369	84.286	0.0	99
Aba1_3174198:3175250	1051	2	sp|P0A6N3|EFTU_ECO57	369	84.286	0.0	99
Aba1_3174198:3175250	1051	2	sp|A1AIF3|EFTU2_ECOK1	369	84.286	0.0	99
Aba1_3174198:3175250	1051	2	sp|Q0TA85|EFTU2_ECOL5	369	84.286	0.0	99
Aba1_3174198:3175250	1051	2	sp|Q1R5U4|EFTU2_ECOUT	369	84.286	0.0	99
Aba1_3174198:3175250	1051	2	sp|A8A779|EFTU2_ECOHS	369	84.286	0.0	99
Aba1_3174198:3175250	1051	2	sp|Q83JC4|EFTU_SHIFL	369	84.286	0.0	99
Aba1_3174198:3175250	1051	2	sp|Q0TCC0|EFTU1_ECOL5	369	84.286	0.0	99
Aba1_3174198:3175250	1051	2	sp|Q1R5Y2|EFTU1_ECOUT	369	84.286	0.0	99
Aba1_3174198:3175250	1051	2	sp|B1IPW0|EFTU1_ECOLC	369	84.286	0.0	99
Aba1_3174198:3175250	1051	2	sp|P0CE47|EFTU1_ECOLI	369	84.286	0.0	99
Aba1_3174198:3175250	1051	2	sp|A8A5E6|EFTU1_ECOHS	369	84.286	0.0	99
Aba1_3174198:3175250	1051	2	sp|A1AGM6|EFTU1_ECOK1	369	84.286	0.0	99
Aba1_3174198:3175250	1051	2	sp|A7ZSL4|EFTU1_ECO24	369	84.286	0.0	99
Aba1_3174198:3175250	1051	2	sp|A6TEX7|EFTU_KLEP7	369	83.714	0.0	99
Aba1_3174198:3175250	1051	2	sp|A4XZ92|EFTU_PSEMY	372	80.342	0.0	99
Aba1_3174198:3175250	1051	2	sp|A6UZH4|EFTU_PSEA7	372	81.766	0.0	99
Aba1_3174198:3175250	1051	2	sp|P09591|EFTU_PSEAE	372	81.766	0.0	99
Aba1_3174198:3175250	1051	2	sp|Q02T82|EFTU_PSEAB	372	81.766	0.0	99
Aba1_3174198:3175250	1051	2	sp|Q6GJC0|EFTU_STAAR	369	75.429	1.65e-166	99
Aba1_3174198:3175250	1051	2	sp|P64029|EFTU_STAAW	369	75.429	1.65e-166	99
Aba1_3174198:3175250	1051	2	sp|A8YZP5|EFTU_STAAT	369	75.429	1.65e-166	99
Aba1_3174198:3175250	1051	2	sp|Q5HIC7|EFTU_STAAC	369	75.429	1.65e-166	99
Aba1_3174198:3175250	1051	2	sp|Q2FJ92|EFTU_STAA3	369	75.429	1.65e-166	99
Aba1_3174198:3175250	1051	2	sp|P99152|EFTU_STAAN	369	75.429	1.65e-166	99
Aba1_3174198:3175250	1051	2	sp|Q2YSB3|EFTU_STAAB	369	75.429	1.65e-166	99
Aba1_3174198:3175250	1051	2	sp|A7WYX6|EFTU_STAA1	369	75.429	1.65e-166	99
Aba1_3174198:3175250	1051	2	sp|P64028|EFTU_STAAM	369	75.429	1.65e-166	99
Aba1_3174198:3175250	1051	2	sp|A6TZ25|EFTU_STAA2	369	75.429	1.65e-166	99
Aba1_3174198:3175250	1051	2	sp|Q6GBT9|EFTU_STAAS	369	75.429	1.65e-166	99
Aba1_3174198:3175250	1051	2	sp|A6QEK0|EFTU_STAAE	369	75.429	1.65e-166	99
Aba1_3174198:3175250	1051	2	sp|A5IQA2|EFTU_STAA9	369	75.429	1.65e-166	99
Aba1_3174198:3175250	1051	2	sp|Q2G0N0|EFTU_STAA8	369	75.429	1.65e-166	99
Aba1_3174198:3175250	985	2	sp|Q4L3K9|EFTU_STAHJ	369	75.915	2.48e-166	94
Aba1_3174198:3175250	991	2	sp|P33166|EFTU_BACSU	371	74.924	7.03e-166	94
Aba1_3174198:3175250	985	2	sp|Q5HRK4|EFTU_STAEQ	369	75.610	5.41e-165	94
Aba1_3174198:3175250	985	2	sp|Q8CQ81|EFTU_STAES	369	75.610	5.41e-165	94
Aba1_3174198:3175250	985	2	sp|B9DKV8|EFTU_STACT	370	75.380	1.10e-163	94
Aba1_3174198:3175250	1051	2	sp|Q49V58|EFTU_STAS1	370	74.074	2.18e-163	99
Aba1_3174198:3175250	1051	2	sp|P22679|EFTU_MYCHP	372	69.688	2.44e-157	99
Aba1_3174198:3175250	988	2	sp|Q01698|EFTU_THEAQ	381	69.527	2.23e-156	94
Aba1_3174198:3175250	982	2	sp|P0CD71|EFTU_CHLTR	369	65.443	2.67e-150	93
Aba1_3174198:3175250	808	2	sp|Q93PU8|EFTU_STAWA	268	75.465	8.33e-128	77
Aba1_3174198:3175250	967	122	sp|P02993|EF1A_ARTSA	359	31.169	1.90e-28	80
Aba1_3174198:3175250	964	71	sp|P14081|SELB_ECOLI	301	28.667	6.81e-23	85
Aba1_3174198:3175250	967	161	sp|B7LWK4|CYSN_ESCF3	347	29.032	1.70e-16	77
Aba1_3174198:3175250	967	230	sp|Q83JX8|CYSN_SHIFL	324	29.688	1.76e-14	70
Aba1_3174198:3175250	967	230	sp|B1IUS8|CYSN_ECOLC	324	30.116	2.29e-14	70
Aba1_3174198:3175250	967	230	sp|A7ZQJ5|CYSN_ECO24	324	29.730	3.27e-14	70
Aba1_3174198:3175250	967	230	sp|B7LXG3|CYSN_ECO8A	324	30.116	3.55e-14	70
Aba1_3174198:3175250	967	230	sp|B7LEG9|CYSN_ECO55	324	30.116	3.55e-14	70
Aba1_3174198:3175250	991	230	sp|B7UHH0|CYSN_ECO27	324	30.224	3.96e-14	72
Aba1_3174198:3175250	967	230	sp|B6I6E1|CYSN_ECOSE	324	29.730	4.07e-14	70
Aba1_3174198:3175250	967	230	sp|A8A3N0|CYSN_ECOHS	324	30.116	5.07e-14	70
Aba1_3174198:3175250	967	230	sp|Q8X7X7|CYSN_ECO57	324	30.116	5.16e-14	70
Aba1_3174198:3175250	967	230	sp|B5Z3B3|CYSN_ECO5E	324	30.116	5.16e-14	70
Aba1_3174198:3175250	967	230	sp|Q1R7U0|CYSN_ECOUT	324	30.116	5.35e-14	70
Aba1_3174198:3175250	967	230	sp|Q0TEA7|CYSN_ECOL5	324	30.116	5.35e-14	70
Aba1_3174198:3175250	967	230	sp|B1LQ72|CYSN_ECOSM	324	30.116	5.35e-14	70
Aba1_3174198:3175250	967	230	sp|B1XCS7|CYSN_ECODH	324	30.116	5.35e-14	70
Aba1_3174198:3175250	967	230	sp|C4ZZQ5|CYSN_ECOBW	324	30.116	5.35e-14	70
Aba1_3174198:3175250	967	230	sp|B7MZ52|CYSN_ECO81	324	30.116	5.35e-14	70
Aba1_3174198:3175250	967	230	sp|B7NT95|CYSN_ECO7I	324	30.116	5.35e-14	70
Aba1_3174198:3175250	967	230	sp|B7MKM5|CYSN_ECO45	324	30.116	5.35e-14	70
Aba1_3174198:3175250	967	230	sp|A1AEU5|CYSN_ECOK1	324	30.116	5.35e-14	70
Aba1_3174198:3175250	967	230	sp|P23845|CYSN_ECOLI	324	30.116	5.35e-14	70
Aba1_3174198:3175250	967	230	sp|Q8FEJ1|CYSN_ECOL6	324	30.116	5.35e-14	70
Aba1_3174198:3175250	967	230	sp|B7N6Y1|CYSN_ECOLU	324	29.730	6.60e-14	70
Aba1_3174198:3175250	967	701	sp|O50274|CYSNC_PSEAE	167	34.831	6.63e-12	25
Aba1_3174198:3175250	967	371	sp|P0A3B4|TYPA_SHIFL	240	28.643	9.90e-12	57
Aba1_3174198:3175250	967	371	sp|P0A3B1|TYPA_ECOL6	240	28.643	9.90e-12	57
Aba1_3174198:3175250	967	371	sp|P32132|TYPA_ECOLI	240	28.643	9.90e-12	57
Aba1_3174198:3175250	967	371	sp|P0A3B2|TYPA_ECO27	240	28.643	9.90e-12	57
Aba1_3174198:3175250	967	371	sp|P0A3B3|TYPA_ECO57	240	28.643	9.90e-12	57
Aba1_3174198:3175250	994	704	sp|Q932I8|TETM_STAAM	129	34.021	1.74e-09	28
Aba1_3174198:3175250	994	704	sp|Q53770|TETM_STAAU	129	32.990	1.60e-08	28
Aba1_3174198:3175250	967	290	sp|O07631|TYPA_BACSU	274	25.424	2.52e-08	64
Aba1_3174198:3175250	979	701	sp|A4XYE0|IF2_PSEMY	439	40.000	5.71e-08	27
Aba1_3174198:3175250	979	701	sp|Q9HV55|IF2_PSEAE	451	38.947	2.99e-07	27
Aba1_3174198:3175250	973	701	sp|Q5U8S9|EFG_STAIN	137	34.066	3.05e-07	26
Aba1_3174198:3175250	979	701	sp|B7V1F6|IF2_PSEA8	451	38.947	3.09e-07	27
Aba1_3174198:3175250	979	701	sp|Q02FS8|IF2_PSEAB	451	38.947	3.09e-07	27
Aba1_3174198:3175250	979	701	sp|A6VCK1|IF2_PSEA7	448	38.947	3.23e-07	27
Aba1_3174198:3175250	973	701	sp|Q49V57|EFG_STAS1	137	34.066	3.84e-07	26
Aba1_3174198:3175250	994	701	sp|Q4L527|RF3_STAHJ	141	27.551	6.26e-07	28
Aba1_3174198:3175250	994	701	sp|B9DQA0|RF3_STACT	141	26.531	6.32e-07	28
Aba1_3174198:3175250	952	701	sp|B9DPF5|IF2_STACT	320	39.286	7.29e-07	24
Aba1_3174198:3175250	973	701	sp|P80868|EFG_BACSU	137	34.066	7.56e-07	26
Aba1_3174198:3175250	946	701	sp|A6QGG8|IF2_STAAE	318	39.024	1.36e-06	23
Aba1_3174198:3175250	946	701	sp|Q2G2D0|IF2_STAA8	318	39.024	1.36e-06	23
Aba1_3174198:3175250	946	701	sp|Q2FHG9|IF2_STAA3	318	39.024	1.36e-06	23
Aba1_3174198:3175250	946	701	sp|Q5HGG2|IF2_STAAC	318	39.024	1.36e-06	23
Aba1_3174198:3175250	946	701	sp|A8Z3U9|IF2_STAAT	318	39.024	1.36e-06	23
Aba1_3174198:3175250	946	701	sp|Q2YXP7|IF2_STAAB	318	39.024	1.37e-06	23
Aba1_3174198:3175250	946	701	sp|P65134|IF2_STAAN	318	39.024	1.37e-06	23
Aba1_3174198:3175250	946	701	sp|P65133|IF2_STAAM	318	39.024	1.37e-06	23
Aba1_3174198:3175250	946	701	sp|A5ISF3|IF2_STAA9	318	39.024	1.37e-06	23
Aba1_3174198:3175250	946	701	sp|A7X1Q1|IF2_STAA1	318	39.024	1.37e-06	23
Aba1_3174198:3175250	946	701	sp|A6U188|IF2_STAA2	318	39.024	1.37e-06	23
Aba1_3174198:3175250	973	704	sp|Q5HRK5|EFG_STAEQ	136	34.444	1.38e-06	26
Aba1_3174198:3175250	973	704	sp|Q8CQ82|EFG_STAES	136	34.444	1.38e-06	26
Aba1_3174198:3175250	946	701	sp|Q6G9U4|IF2_STAAS	318	39.024	1.40e-06	23
Aba1_3174198:3175250	946	701	sp|Q8NWZ1|IF2_STAAW	318	39.024	1.40e-06	23
Aba1_3174198:3175250	946	701	sp|Q6GHG6|IF2_STAAR	318	39.024	1.42e-06	23
Aba1_3174198:3175250	994	701	sp|Q2FZP4|RF3_STAA8	141	26.531	1.45e-06	28
Aba1_3174198:3175250	994	701	sp|O86490|RF3_STAAC	141	26.531	1.45e-06	28
Aba1_3174198:3175250	994	701	sp|Q2FI57|RF3_STAA3	141	26.531	1.45e-06	28
Aba1_3174198:3175250	994	701	sp|A8Z0C4|RF3_STAAT	141	26.531	1.45e-06	28
Aba1_3174198:3175250	994	701	sp|A6QFN0|RF3_STAAE	141	26.531	1.45e-06	28
Aba1_3174198:3175250	994	701	sp|A5IRJ6|RF3_STAA9	141	26.531	1.48e-06	28
Aba1_3174198:3175250	994	701	sp|A6U0C5|RF3_STAA2	141	26.531	1.48e-06	28
Aba1_3174198:3175250	994	701	sp|Q99V72|RF3_STAAN	141	26.531	1.48e-06	28
Aba1_3174198:3175250	994	701	sp|Q6GI64|RF3_STAAR	141	26.531	1.53e-06	28
Aba1_3174198:3175250	994	701	sp|Q2YX08|RF3_STAAB	141	26.531	1.53e-06	28
Aba1_3174198:3175250	994	701	sp|Q8NXC0|RF3_STAAW	141	26.531	1.53e-06	28
Aba1_3174198:3175250	994	701	sp|Q49WE9|RF3_STAS1	141	26.531	1.53e-06	28
Aba1_3174198:3175250	994	701	sp|Q6GAQ7|RF3_STAAS	141	26.531	1.53e-06	28
Aba1_3174198:3175250	973	704	sp|Q4L3K8|EFG_STAHJ	136	34.444	1.60e-06	26
Aba1_3174198:3175250	973	701	sp|B9DKV7|EFG_STACT	137	34.066	1.73e-06	26
Aba1_3174198:3175250	979	701	sp|Q9ZF28|IF2_KLEOX	506	37.895	1.80e-06	27
Aba1_3174198:3175250	994	701	sp|Q8CPR1|RF3_STAES	141	26.531	1.83e-06	28
Aba1_3174198:3175250	994	701	sp|Q5HQE4|RF3_STAEQ	141	26.531	1.83e-06	28
Aba1_3174198:3175250	946	701	sp|Q4L5X1|IF2_STAHJ	329	37.805	1.96e-06	23
Aba1_3174198:3175250	952	701	sp|P17889|IF2_BACSU	328	39.286	2.34e-06	24
Aba1_3174198:3175250	952	701	sp|P17889|IF2_BACSU	328	39.286	2.34e-06	24
Aba1_3174198:3175250	952	701	sp|Q8CST4|IF2_STAES	333	38.095	3.42e-06	24
Aba1_3174198:3175250	952	701	sp|Q5HPS2|IF2_STAEQ	333	38.095	3.42e-06	24
Aba1_3174198:3175250	946	701	sp|Q49X54|IF2_STAS1	314	37.805	5.50e-06	23
Aba1_3174198:3175250	991	704	sp|A4XZ93|EFG_PSEMY	143	30.769	1.83e-05	27
Aba1_3174198:3175250	940	704	sp|P57997|IF2C_PHAVU	602	35.443	6.62e-05	23
Aba1_3174198:3175250	994	701	sp|B5Y282|RF3_KLEP3	144	27.551	8.76e-05	28
Aba1_3174198:3175250	994	701	sp|A6THZ0|RF3_KLEP7	144	27.551	9.23e-05	28
Aba1_3174198:3175250	994	704	sp|B1LEH8|RF3_ECOSM	143	27.835	9.39e-05	28
Aba1_3174198:3175250	994	704	sp|P0A7I4|RF3_ECOLI	143	27.835	9.39e-05	28
Aba1_3174198:3175250	994	704	sp|B5Z4Q6|RF3_ECO5E	143	27.835	9.39e-05	28
Aba1_3174198:3175250	994	704	sp|B7LEM0|RF3_ECO55	143	27.835	9.39e-05	28
Aba1_3174198:3175250	994	704	sp|P0A7I5|RF3_ECOL6	143	27.835	9.39e-05	28
Aba1_3174198:3175250	994	704	sp|B7UR02|RF3_ECO27	143	27.835	9.39e-05	28
Aba1_3174198:3175250	994	704	sp|B7NH42|RF3_ECOLU	143	27.835	9.39e-05	28
Aba1_3174198:3175250	994	704	sp|P0A7I6|RF3_ECO57	143	27.835	9.39e-05	28
Aba1_3174198:3175250	994	704	sp|B1XFI4|RF3_ECODH	143	27.835	9.39e-05	28
Aba1_3174198:3175250	994	704	sp|C4ZT56|RF3_ECOBW	143	27.835	9.39e-05	28
Aba1_3174198:3175250	994	704	sp|B7MTC0|RF3_ECO81	143	27.835	9.39e-05	28
Aba1_3174198:3175250	994	704	sp|Q1R270|RF3_ECOUT	142	27.835	9.47e-05	28
Aba1_3174198:3175250	994	704	sp|A1AJU2|RF3_ECOK1	142	27.835	9.47e-05	28
Aba1_3174198:3175250	994	704	sp|B1IS45|RF3_ECOLC	143	27.835	9.48e-05	28
Aba1_3174198:3175250	994	704	sp|A7ZVR5|RF3_ECO24	143	27.835	9.48e-05	28
Aba1_3174198:3175250	994	704	sp|A8A8A3|RF3_ECOHS	143	27.835	9.48e-05	28
Aba1_3174198:3175250	994	704	sp|B6I2Q6|RF3_ECOSE	143	27.835	9.48e-05	28
Aba1_3174198:3175250	994	701	sp|Q56121|RF3_SALTY	144	27.551	9.56e-05	28
Aba1_3174198:3175250	994	704	sp|B7LXT6|RF3_ECO8A	143	27.835	9.82e-05	28
Aba1_3174198:3175250	994	704	sp|Q83P06|RF3_SHIFL	143	27.835	9.99e-05	28
Aba1_3174198:3175250	967	746	sp|Q49Y26|LEPA_STAS1	128	35.443	1.04e-04	21
Aba1_3174198:3175250	967	746	sp|Q8CP13|LEPA_STAES	128	35.443	1.11e-04	21
Aba1_3174198:3175250	967	746	sp|Q5HNW2|LEPA_STAEQ	128	35.443	1.11e-04	21
Aba1_3174198:3175250	967	746	sp|Q2FXY7|LEPA_STAA8	128	35.443	1.13e-04	21
Aba1_3174198:3175250	967	746	sp|A6QHC7|LEPA_STAAE	128	35.443	1.13e-04	21
Aba1_3174198:3175250	967	746	sp|Q5HFH6|LEPA_STAAC	128	35.443	1.13e-04	21
Aba1_3174198:3175250	967	746	sp|A8Z4C4|LEPA_STAAT	128	35.443	1.13e-04	21
Aba1_3174198:3175250	967	746	sp|Q2FGD9|LEPA_STAA3	128	35.443	1.13e-04	21
Aba1_3174198:3175250	991	704	sp|Q9HWD2|EFG1_PSEAE	143	31.132	1.15e-04	27
Aba1_3174198:3175250	967	746	sp|A5ITB2|LEPA_STAA9	128	35.443	1.18e-04	21
Aba1_3174198:3175250	967	746	sp|A6U257|LEPA_STAA2	128	35.443	1.18e-04	21
Aba1_3174198:3175250	967	746	sp|P65271|LEPA_STAAM	128	35.443	1.18e-04	21
Aba1_3174198:3175250	967	746	sp|Q6G8Y3|LEPA_STAAS	128	35.443	1.18e-04	21
Aba1_3174198:3175250	967	746	sp|Q6GGB6|LEPA_STAAR	128	35.443	1.18e-04	21
Aba1_3174198:3175250	967	746	sp|A7X2Y7|LEPA_STAA1	128	35.443	1.18e-04	21
Aba1_3174198:3175250	967	746	sp|P65272|LEPA_STAAN	128	35.443	1.18e-04	21
Aba1_3174198:3175250	967	746	sp|Q2YT42|LEPA_STAAB	128	35.443	1.18e-04	21
Aba1_3174198:3175250	967	746	sp|Q8NWA7|LEPA_STAAW	128	35.443	1.19e-04	21
Aba1_3174198:3175250	979	755	sp|B5XSX4|IF2_KLEP3	489	40.260	1.35e-04	21
Aba1_3174198:3175250	979	755	sp|A6TEI7|IF2_KLEP7	489	40.260	1.36e-04	21
Aba1_3174198:3175250	991	701	sp|Q9I244|EFG2_PSEAE	145	27.358	1.39e-04	28
Aba1_3174198:3175250	967	746	sp|Q4L6T4|LEPA_STAHJ	128	35.443	1.70e-04	21
Aba1_3174198:3175250	967	746	sp|P37949|LEPA_BACSU	129	34.177	3.75e-04	21
Aba1_3174198:3175250	964	704	sp|Q9HXB0|RF3_PSEAE	141	29.885	3.89e-04	25
Aba1_3174198:3175250	964	704	sp|B7VBK5|RF3_PSEA8	141	29.885	3.89e-04	25
Aba1_3174198:3175250	964	704	sp|Q02S69|RF3_PSEAB	141	29.885	3.89e-04	25
Aba1_3174198:3175250	964	704	sp|A6V0K2|RF3_PSEA7	141	29.885	4.44e-04	25
Aba1_3174198:3175250	979	755	sp|B7N0V3|IF2_ECO81	483	38.961	4.93e-04	21
Aba1_3174198:3175250	979	755	sp|B1LFS0|IF2_ECOSM	483	38.961	5.07e-04	21
Aba1_3174198:3175250	973	704	sp|Q5HIC8|EFG_STAAC	136	34.444	5.18e-04	26
Aba1_3174198:3175250	973	704	sp|A6TZ24|EFG_STAA2	136	34.444	5.18e-04	26
Aba1_3174198:3175250	973	704	sp|Q2FJ93|EFG_STAA3	136	34.444	5.18e-04	26
Aba1_3174198:3175250	973	704	sp|P68788|EFG_STAAM	136	34.444	5.18e-04	26
Aba1_3174198:3175250	973	704	sp|Q6GBU0|EFG_STAAS	136	34.444	5.18e-04	26
Aba1_3174198:3175250	973	704	sp|Q2YSB4|EFG_STAAB	136	34.444	5.18e-04	26
Aba1_3174198:3175250	973	704	sp|A5IQA1|EFG_STAA9	136	34.444	5.18e-04	26
Aba1_3174198:3175250	973	704	sp|Q6GJC1|EFG_STAAR	136	34.444	5.18e-04	26
Aba1_3174198:3175250	973	704	sp|P68789|EFG_STAAN	136	34.444	5.18e-04	26
Aba1_3174198:3175250	973	704	sp|A7WYX4|EFG_STAA1	136	34.444	5.18e-04	26
Aba1_3174198:3175250	973	704	sp|Q2G0N1|EFG_STAA8	136	34.444	5.18e-04	26
Aba1_3174198:3175250	973	704	sp|P68791|EFG_STAAW	136	34.444	5.18e-04	26
Aba1_3174198:3175250	973	704	sp|P68790|EFG_STAAU	136	34.444	5.18e-04	26
Aba1_3174198:3175250	979	755	sp|Q83JF9|IF2_SHIFL	475	38.961	5.19e-04	21
Aba1_3174198:3175250	979	755	sp|C4ZSQ9|IF2_ECOBW	483	38.961	5.20e-04	21
Aba1_3174198:3175250	979	755	sp|B6I1P3|IF2_ECOSE	483	38.961	5.20e-04	21
Aba1_3174198:3175250	979	755	sp|B7M076|IF2_ECO8A	483	38.961	5.20e-04	21
Aba1_3174198:3175250	979	755	sp|A1AG73|IF2_ECOK1	483	38.961	5.20e-04	21
Aba1_3174198:3175250	979	755	sp|Q0TCU1|IF2_ECOL5	483	38.961	5.20e-04	21
Aba1_3174198:3175250	979	755	sp|Q1R6H0|IF2_ECOUT	483	38.961	5.20e-04	21
Aba1_3174198:3175250	979	755	sp|B1XGY0|IF2_ECODH	483	38.961	5.20e-04	21
Aba1_3174198:3175250	979	755	sp|P0A706|IF2_ECO57	483	38.961	5.20e-04	21
Aba1_3174198:3175250	979	755	sp|B5YS58|IF2_ECO5E	483	38.961	5.20e-04	21
Aba1_3174198:3175250	979	755	sp|B7MB89|IF2_ECO45	483	38.961	5.20e-04	21
Aba1_3174198:3175250	979	755	sp|B7NKN7|IF2_ECO7I	483	38.961	5.20e-04	21
Aba1_3174198:3175250	979	755	sp|B7NDF4|IF2_ECOLU	483	38.961	5.20e-04	21
Aba1_3174198:3175250	979	755	sp|B1IQV3|IF2_ECOLC	483	38.961	5.20e-04	21
Aba1_3174198:3175250	979	755	sp|P0A705|IF2_ECOLI	483	38.961	5.20e-04	21
Aba1_3174198:3175250	979	755	sp|A8A4Y4|IF2_ECOHS	483	38.961	5.20e-04	21
Aba1_3174198:3175250	979	755	sp|B7UJ63|IF2_ECO27	483	38.961	5.20e-04	21
Aba1_3174198:3175250	979	755	sp|B7LHN3|IF2_ECO55	483	38.961	5.20e-04	21
Aba1_3174198:3175250	979	755	sp|P59587|IF2_ECOL6	483	38.961	5.20e-04	21
Aba1_3174198:3175250	979	755	sp|A7ZS65|IF2_ECO24	483	38.961	5.20e-04	21
Aba1_3174198:3175250	973	704	sp|A6QEJ9|EFG_STAAE	136	34.444	5.32e-04	26
Aba1_3174198:3175250	979	755	sp|B7LR37|IF2_ESCF3	483	38.961	5.43e-04	21
Aba1_3174198:3175250	967	746	sp|B9DNK4|LEPA_STACT	128	31.646	7.47e-04	21
Aba1_3174198:3175250	991	701	sp|B6I240|EFG_ECOSE	144	28.571	7.51e-04	28
Aba1_3174198:3175250	991	701	sp|Q0TCB9|EFG_ECOL5	144	28.571	7.51e-04	28
Aba1_3174198:3175250	991	701	sp|B1X6J0|EFG_ECODH	144	28.571	7.51e-04	28
Aba1_3174198:3175250	991	701	sp|A7ZSL5|EFG_ECO24	144	28.571	7.51e-04	28
Aba1_3174198:3175250	991	701	sp|P0A6M8|EFG_ECOLI	144	28.571	7.51e-04	28
Aba1_3174198:3175250	991	701	sp|B7LS46|EFG_ESCF3	144	28.571	7.51e-04	28
Aba1_3174198:3175250	991	701	sp|A1AGM7|EFG_ECOK1	144	28.571	7.51e-04	28
Aba1_3174198:3175250	991	701	sp|C4ZUJ5|EFG_ECOBW	144	28.571	7.51e-04	28
Aba1_3174198:3175250	991	701	sp|P0A6N0|EFG_ECO57	144	28.571	7.51e-04	28
Aba1_3174198:3175250	991	701	sp|B7N0X6|EFG_ECO81	144	28.571	7.51e-04	28
Aba1_3174198:3175250	991	701	sp|B1LHE0|EFG_ECOSM	144	28.571	7.51e-04	28
Aba1_3174198:3175250	991	701	sp|B7UK50|EFG_ECO27	144	28.571	7.51e-04	28
Aba1_3174198:3175250	991	701	sp|B5YTP7|EFG_ECO5E	144	28.571	7.51e-04	28
Aba1_3174198:3175250	991	701	sp|B1IPV9|EFG_ECOLC	144	28.571	7.51e-04	28
Aba1_3174198:3175250	991	701	sp|B7M1P1|EFG_ECO8A	144	28.571	7.51e-04	28
Aba1_3174198:3175250	991	701	sp|A8A5E7|EFG_ECOHS	144	28.571	7.51e-04	28
Aba1_3174198:3175250	991	701	sp|B7NLP5|EFG_ECO7I	144	28.571	7.51e-04	28
Aba1_3174198:3175250	991	701	sp|P0A6M9|EFG_ECOL6	144	28.571	7.51e-04	28
Aba1_3174198:3175250	991	701	sp|B7MCV5|EFG_ECO45	144	28.571	7.51e-04	28
Aba1_3174198:3175250	991	701	sp|Q1R5U3|EFG_ECOUT	144	28.571	7.51e-04	28
Aba1_3174198:3175250	991	701	sp|B7L4L1|EFG_ECO55	144	28.571	7.51e-04	28
Aba1_3174198:3175250	991	701	sp|Q83JC3|EFG_SHIFL	144	28.571	7.64e-04	28
Aba1_3174198:3175250	991	701	sp|B7NDU8|EFG_ECOLU	144	28.571	7.92e-04	28
Aba1_3174198:3175250	991	701	sp|P0A1H3|EFG_SALTY	144	28.571	8.06e-04	28
Aba1_3174198:3175250	964	704	sp|A4XQE4|RF3_PSEMY	141	29.885	8.58e-04	25
Aba1_3780687:3781572	835	2	sp|A7ZUJ2|EFTU2_ECO24	315	84.532	4.13e-155	94
Aba1_3780687:3781572	835	2	sp|Q83JC4|EFTU_SHIFL	315	84.532	7.88e-155	94
Aba1_3780687:3781572	835	2	sp|Q0TCC0|EFTU1_ECOL5	315	84.532	7.88e-155	94
Aba1_3780687:3781572	835	2	sp|Q1R5Y2|EFTU1_ECOUT	315	84.532	7.88e-155	94
Aba1_3780687:3781572	835	2	sp|B1IPW0|EFTU1_ECOLC	315	84.532	7.88e-155	94
Aba1_3780687:3781572	835	2	sp|P0CE47|EFTU1_ECOLI	315	84.532	7.88e-155	94
Aba1_3780687:3781572	835	2	sp|A8A5E6|EFTU1_ECOHS	315	84.532	7.88e-155	94
Aba1_3780687:3781572	835	2	sp|A1AGM6|EFTU1_ECOK1	315	84.532	7.88e-155	94
Aba1_3780687:3781572	835	2	sp|A7ZSL4|EFTU1_ECO24	315	84.532	7.88e-155	94
Aba1_3780687:3781572	835	2	sp|P0A6N2|EFTU_ECOL6	315	84.532	8.79e-155	94
Aba1_3780687:3781572	835	2	sp|B1IVA7|EFTU2_ECOLC	315	84.532	8.79e-155	94
Aba1_3780687:3781572	835	2	sp|P0CE48|EFTU2_ECOLI	315	84.532	8.79e-155	94
Aba1_3780687:3781572	835	2	sp|P0A6N3|EFTU_ECO57	315	84.532	8.79e-155	94
Aba1_3780687:3781572	835	2	sp|A1AIF3|EFTU2_ECOK1	315	84.532	8.79e-155	94
Aba1_3780687:3781572	835	2	sp|Q0TA85|EFTU2_ECOL5	315	84.532	8.79e-155	94
Aba1_3780687:3781572	835	2	sp|Q1R5U4|EFTU2_ECOUT	315	84.532	8.79e-155	94
Aba1_3780687:3781572	835	2	sp|A8A779|EFTU2_ECOHS	315	84.532	8.79e-155	94
Aba1_3780687:3781572	835	2	sp|A6TEX7|EFTU_KLEP7	315	83.813	3.64e-154	94
Aba1_3780687:3781572	835	2	sp|A4XZ92|EFTU_PSEMY	318	81.720	7.22e-151	94
Aba1_3780687:3781572	835	2	sp|A6UZH4|EFTU_PSEA7	318	83.154	3.45e-150	94
Aba1_3780687:3781572	835	2	sp|P09591|EFTU_PSEAE	318	83.154	3.45e-150	94
Aba1_3780687:3781572	835	2	sp|Q02T82|EFTU_PSEAB	318	83.154	3.45e-150	94
Aba1_3780687:3781572	829	2	sp|P33166|EFTU_BACSU	317	74.007	1.10e-131	94
Aba1_3780687:3781572	823	2	sp|Q6GJC0|EFTU_STAAR	315	75.182	3.18e-131	93
Aba1_3780687:3781572	823	2	sp|P64029|EFTU_STAAW	315	75.182	3.18e-131	93
Aba1_3780687:3781572	823	2	sp|A8YZP5|EFTU_STAAT	315	75.182	3.18e-131	93
Aba1_3780687:3781572	823	2	sp|Q5HIC7|EFTU_STAAC	315	75.182	3.18e-131	93
Aba1_3780687:3781572	823	2	sp|Q2FJ92|EFTU_STAA3	315	75.182	3.18e-131	93
Aba1_3780687:3781572	823	2	sp|P99152|EFTU_STAAN	315	75.182	3.18e-131	93
Aba1_3780687:3781572	823	2	sp|Q2YSB3|EFTU_STAAB	315	75.182	3.18e-131	93
Aba1_3780687:3781572	823	2	sp|A7WYX6|EFTU_STAA1	315	75.182	3.18e-131	93
Aba1_3780687:3781572	823	2	sp|P64028|EFTU_STAAM	315	75.182	3.18e-131	93
Aba1_3780687:3781572	823	2	sp|A6TZ25|EFTU_STAA2	315	75.182	3.18e-131	93
Aba1_3780687:3781572	823	2	sp|Q6GBT9|EFTU_STAAS	315	75.182	3.18e-131	93
Aba1_3780687:3781572	823	2	sp|A6QEK0|EFTU_STAAE	315	75.182	3.18e-131	93
Aba1_3780687:3781572	823	2	sp|A5IQA2|EFTU_STAA9	315	75.182	3.18e-131	93
Aba1_3780687:3781572	823	2	sp|Q2G0N0|EFTU_STAA8	315	75.182	3.18e-131	93
Aba1_3780687:3781572	823	2	sp|Q4L3K9|EFTU_STAHJ	315	75.182	4.76e-131	93
Aba1_3780687:3781572	823	2	sp|Q5HRK4|EFTU_STAEQ	315	74.818	8.87e-130	93
Aba1_3780687:3781572	823	2	sp|Q8CQ81|EFTU_STAES	315	74.818	8.87e-130	93
Aba1_3780687:3781572	823	2	sp|B9DKV8|EFTU_STACT	316	74.545	2.48e-128	93
Aba1_3780687:3781572	823	2	sp|Q49V58|EFTU_STAS1	316	73.455	4.82e-128	93
Aba1_3780687:3781572	826	2	sp|P22679|EFTU_MYCHP	318	69.065	1.13e-124	93
Aba1_3780687:3781572	826	2	sp|Q01698|EFTU_THEAQ	327	68.662	3.85e-123	93
Aba1_3780687:3781572	820	2	sp|P0CD71|EFTU_CHLTR	315	64.103	1.19e-116	93
Aba1_3780687:3781572	646	2	sp|Q93PU8|EFTU_STAWA	214	73.953	1.98e-91	73
Aba1_3780687:3781572	805	8	sp|P02993|EF1A_ARTSA	348	31.507	5.01e-29	90
Aba1_3780687:3781572	802	20	sp|P14081|SELB_ECOLI	272	29.658	1.91e-21	88
Aba1_3780687:3781572	805	44	sp|B7LWK4|CYSN_ESCF3	332	29.924	8.48e-17	86
Aba1_3780687:3781572	805	68	sp|Q83JX8|CYSN_SHIFL	324	29.688	8.95e-15	83
Aba1_3780687:3781572	805	68	sp|B1IUS8|CYSN_ECOLC	324	30.116	1.30e-14	83
Aba1_3780687:3781572	805	68	sp|A7ZQJ5|CYSN_ECO24	324	29.730	1.65e-14	83
Aba1_3780687:3781572	805	68	sp|B7LXG3|CYSN_ECO8A	324	30.116	1.85e-14	83
Aba1_3780687:3781572	805	68	sp|B7LEG9|CYSN_ECO55	324	30.116	1.85e-14	83
Aba1_3780687:3781572	805	68	sp|B6I6E1|CYSN_ECOSE	324	29.730	2.20e-14	83
Aba1_3780687:3781572	805	68	sp|A8A3N0|CYSN_ECOHS	324	30.116	2.35e-14	83
Aba1_3780687:3781572	805	68	sp|Q1R7U0|CYSN_ECOUT	324	30.116	2.55e-14	83
Aba1_3780687:3781572	805	68	sp|B7MKM5|CYSN_ECO45	324	30.116	2.55e-14	83
Aba1_3780687:3781572	805	68	sp|A1AEU5|CYSN_ECOK1	324	30.116	2.55e-14	83
Aba1_3780687:3781572	805	68	sp|Q8FEJ1|CYSN_ECOL6	324	30.116	2.55e-14	83
Aba1_3780687:3781572	805	68	sp|B7UHH0|CYSN_ECO27	324	30.116	2.65e-14	83
Aba1_3780687:3781572	805	68	sp|Q8X7X7|CYSN_ECO57	324	30.116	2.68e-14	83
Aba1_3780687:3781572	805	68	sp|B5Z3B3|CYSN_ECO5E	324	30.116	2.68e-14	83
Aba1_3780687:3781572	805	68	sp|Q0TEA7|CYSN_ECOL5	324	30.116	2.70e-14	83
Aba1_3780687:3781572	805	68	sp|B1LQ72|CYSN_ECOSM	324	30.116	2.70e-14	83
Aba1_3780687:3781572	805	68	sp|B1XCS7|CYSN_ECODH	324	30.116	2.70e-14	83
Aba1_3780687:3781572	805	68	sp|C4ZZQ5|CYSN_ECOBW	324	30.116	2.70e-14	83
Aba1_3780687:3781572	805	68	sp|B7MZ52|CYSN_ECO81	324	30.116	2.70e-14	83
Aba1_3780687:3781572	805	68	sp|B7NT95|CYSN_ECO7I	324	30.116	2.70e-14	83
Aba1_3780687:3781572	805	68	sp|P23845|CYSN_ECOLI	324	30.116	2.70e-14	83
Aba1_3780687:3781572	805	68	sp|B7N6Y1|CYSN_ECOLU	324	29.730	3.47e-14	83
Aba1_3780687:3781572	805	542	sp|O50274|CYSNC_PSEAE	166	35.227	3.11e-12	30
Aba1_3780687:3781572	805	209	sp|P0A3B4|TYPA_SHIFL	240	28.643	4.17e-12	67
Aba1_3780687:3781572	805	209	sp|P0A3B1|TYPA_ECOL6	240	28.643	4.17e-12	67
Aba1_3780687:3781572	805	209	sp|P32132|TYPA_ECOLI	240	28.643	4.17e-12	67
Aba1_3780687:3781572	805	209	sp|P0A3B2|TYPA_ECO27	240	28.643	4.17e-12	67
Aba1_3780687:3781572	805	209	sp|P0A3B3|TYPA_ECO57	240	28.643	4.17e-12	67
Aba1_3780687:3781572	832	542	sp|Q932I8|TETM_STAAM	129	34.021	9.51e-10	33
Aba1_3780687:3781572	832	542	sp|Q53770|TETM_STAAU	129	32.990	8.61e-09	33
Aba1_3780687:3781572	805	128	sp|O07631|TYPA_BACSU	274	25.424	1.46e-08	77
Aba1_3780687:3781572	817	539	sp|A4XYE0|IF2_PSEMY	439	40.000	3.75e-08	32
Aba1_3780687:3781572	817	539	sp|Q9HV55|IF2_PSEAE	451	38.947	2.09e-07	32
Aba1_3780687:3781572	817	539	sp|B7V1F6|IF2_PSEA8	451	38.947	2.13e-07	32
Aba1_3780687:3781572	817	539	sp|Q02FS8|IF2_PSEAB	451	38.947	2.13e-07	32
Aba1_3780687:3781572	817	539	sp|A6VCK1|IF2_PSEA7	448	38.947	2.23e-07	32
Aba1_3780687:3781572	811	539	sp|Q5U8S9|EFG_STAIN	137	34.066	2.31e-07	31
Aba1_3780687:3781572	811	539	sp|Q49V57|EFG_STAS1	137	34.066	3.03e-07	31
Aba1_3780687:3781572	790	539	sp|B9DPF5|IF2_STACT	320	39.286	4.69e-07	28
Aba1_3780687:3781572	811	539	sp|P80868|EFG_BACSU	137	34.066	5.33e-07	31
Aba1_3780687:3781572	832	539	sp|B9DQA0|RF3_STACT	141	26.531	5.80e-07	33
Aba1_3780687:3781572	832	539	sp|Q4L527|RF3_STAHJ	141	27.551	5.80e-07	33
Aba1_3780687:3781572	784	539	sp|Q2YXP7|IF2_STAAB	318	39.024	9.68e-07	28
Aba1_3780687:3781572	784	539	sp|Q6G9U4|IF2_STAAS	318	39.024	9.68e-07	28
Aba1_3780687:3781572	784	539	sp|P65134|IF2_STAAN	318	39.024	9.68e-07	28
Aba1_3780687:3781572	784	539	sp|P65133|IF2_STAAM	318	39.024	9.68e-07	28
Aba1_3780687:3781572	784	539	sp|Q8NWZ1|IF2_STAAW	318	39.024	9.68e-07	28
Aba1_3780687:3781572	784	539	sp|A5ISF3|IF2_STAA9	318	39.024	9.68e-07	28
Aba1_3780687:3781572	784	539	sp|A7X1Q1|IF2_STAA1	318	39.024	9.68e-07	28
Aba1_3780687:3781572	784	539	sp|A6U188|IF2_STAA2	318	39.024	9.68e-07	28
Aba1_3780687:3781572	784	539	sp|Q6GHG6|IF2_STAAR	318	39.024	1.00e-06	28
Aba1_3780687:3781572	784	539	sp|A6QGG8|IF2_STAAE	318	39.024	1.01e-06	28
Aba1_3780687:3781572	784	539	sp|Q2G2D0|IF2_STAA8	318	39.024	1.01e-06	28
Aba1_3780687:3781572	784	539	sp|Q2FHG9|IF2_STAA3	318	39.024	1.01e-06	28
Aba1_3780687:3781572	784	539	sp|Q5HGG2|IF2_STAAC	318	39.024	1.01e-06	28
Aba1_3780687:3781572	784	539	sp|A8Z3U9|IF2_STAAT	318	39.024	1.01e-06	28
Aba1_3780687:3781572	811	542	sp|Q5HRK5|EFG_STAEQ	136	34.444	1.02e-06	31
Aba1_3780687:3781572	811	542	sp|Q8CQ82|EFG_STAES	136	34.444	1.02e-06	31
Aba1_3780687:3781572	811	542	sp|Q4L3K8|EFG_STAHJ	136	34.444	1.16e-06	31
Aba1_3780687:3781572	832	539	sp|Q49WE9|RF3_STAS1	141	26.531	1.27e-06	33
Aba1_3780687:3781572	811	539	sp|B9DKV7|EFG_STACT	137	34.066	1.29e-06	31
Aba1_3780687:3781572	784	539	sp|Q4L5X1|IF2_STAHJ	329	37.805	1.32e-06	28
Aba1_3780687:3781572	817	539	sp|Q9ZF28|IF2_KLEOX	506	37.895	1.33e-06	32
Aba1_3780687:3781572	832	539	sp|A5IRJ6|RF3_STAA9	141	26.531	1.34e-06	33
Aba1_3780687:3781572	832	539	sp|A6U0C5|RF3_STAA2	141	26.531	1.34e-06	33
Aba1_3780687:3781572	832	539	sp|Q99V72|RF3_STAAN	141	26.531	1.34e-06	33
Aba1_3780687:3781572	832	539	sp|Q6GI64|RF3_STAAR	141	26.531	1.41e-06	33
Aba1_3780687:3781572	832	539	sp|Q2YX08|RF3_STAAB	141	26.531	1.41e-06	33
Aba1_3780687:3781572	832	539	sp|Q8NXC0|RF3_STAAW	141	26.531	1.41e-06	33
Aba1_3780687:3781572	832	539	sp|Q6GAQ7|RF3_STAAS	141	26.531	1.41e-06	33
Aba1_3780687:3781572	832	539	sp|Q2FZP4|RF3_STAA8	141	26.531	1.46e-06	33
Aba1_3780687:3781572	832	539	sp|O86490|RF3_STAAC	141	26.531	1.46e-06	33
Aba1_3780687:3781572	832	539	sp|Q2FI57|RF3_STAA3	141	26.531	1.46e-06	33
Aba1_3780687:3781572	832	539	sp|A8Z0C4|RF3_STAAT	141	26.531	1.46e-06	33
Aba1_3780687:3781572	832	539	sp|A6QFN0|RF3_STAAE	141	26.531	1.46e-06	33
Aba1_3780687:3781572	790	539	sp|P17889|IF2_BACSU	328	39.286	1.48e-06	28
Aba1_3780687:3781572	790	539	sp|P17889|IF2_BACSU	328	39.286	1.48e-06	28
Aba1_3780687:3781572	832	539	sp|Q8CPR1|RF3_STAES	141	26.531	1.78e-06	33
Aba1_3780687:3781572	832	539	sp|Q5HQE4|RF3_STAEQ	141	26.531	1.78e-06	33
Aba1_3780687:3781572	790	539	sp|Q8CST4|IF2_STAES	333	38.095	2.34e-06	28
Aba1_3780687:3781572	790	539	sp|Q5HPS2|IF2_STAEQ	333	38.095	2.34e-06	28
Aba1_3780687:3781572	784	539	sp|Q49X54|IF2_STAS1	314	37.805	3.80e-06	28
Aba1_3780687:3781572	829	542	sp|A4XZ93|EFG_PSEMY	143	30.769	1.20e-05	33
Aba1_3780687:3781572	778	542	sp|P57997|IF2C_PHAVU	602	35.443	4.83e-05	27
Aba1_3780687:3781572	805	584	sp|Q49Y26|LEPA_STAS1	128	35.443	6.53e-05	25
Aba1_3780687:3781572	805	584	sp|Q8CP13|LEPA_STAES	128	35.443	7.07e-05	25
Aba1_3780687:3781572	805	584	sp|Q5HNW2|LEPA_STAEQ	128	35.443	7.07e-05	25
Aba1_3780687:3781572	832	542	sp|Q83P06|RF3_SHIFL	143	27.835	7.12e-05	33
Aba1_3780687:3781572	829	542	sp|Q9HWD2|EFG1_PSEAE	143	31.132	7.18e-05	33
Aba1_3780687:3781572	832	542	sp|B1IS45|RF3_ECOLC	143	27.835	7.38e-05	33
Aba1_3780687:3781572	832	542	sp|A7ZVR5|RF3_ECO24	143	27.835	7.38e-05	33
Aba1_3780687:3781572	832	542	sp|A8A8A3|RF3_ECOHS	143	27.835	7.38e-05	33
Aba1_3780687:3781572	832	542	sp|B6I2Q6|RF3_ECOSE	143	27.835	7.38e-05	33
Aba1_3780687:3781572	805	584	sp|Q2FXY7|LEPA_STAA8	128	35.443	7.39e-05	25
Aba1_3780687:3781572	805	584	sp|A6QHC7|LEPA_STAAE	128	35.443	7.39e-05	25
Aba1_3780687:3781572	805	584	sp|Q5HFH6|LEPA_STAAC	128	35.443	7.39e-05	25
Aba1_3780687:3781572	805	584	sp|A8Z4C4|LEPA_STAAT	128	35.443	7.39e-05	25
Aba1_3780687:3781572	805	584	sp|Q2FGD9|LEPA_STAA3	128	35.443	7.39e-05	25
Aba1_3780687:3781572	832	542	sp|Q1R270|RF3_ECOUT	142	27.835	7.51e-05	33
Aba1_3780687:3781572	832	542	sp|A1AJU2|RF3_ECOK1	142	27.835	7.51e-05	33
Aba1_3780687:3781572	832	542	sp|B1LEH8|RF3_ECOSM	143	27.835	7.51e-05	33
Aba1_3780687:3781572	832	542	sp|P0A7I4|RF3_ECOLI	143	27.835	7.51e-05	33
Aba1_3780687:3781572	832	542	sp|B5Z4Q6|RF3_ECO5E	143	27.835	7.51e-05	33
Aba1_3780687:3781572	832	542	sp|B7LEM0|RF3_ECO55	143	27.835	7.51e-05	33
Aba1_3780687:3781572	832	542	sp|P0A7I5|RF3_ECOL6	143	27.835	7.51e-05	33
Aba1_3780687:3781572	832	542	sp|B7UR02|RF3_ECO27	143	27.835	7.51e-05	33
Aba1_3780687:3781572	832	542	sp|B7NH42|RF3_ECOLU	143	27.835	7.51e-05	33
Aba1_3780687:3781572	832	542	sp|P0A7I6|RF3_ECO57	143	27.835	7.51e-05	33
Aba1_3780687:3781572	832	542	sp|B1XFI4|RF3_ECODH	143	27.835	7.51e-05	33
Aba1_3780687:3781572	832	542	sp|C4ZT56|RF3_ECOBW	143	27.835	7.51e-05	33
Aba1_3780687:3781572	832	542	sp|B7MTC0|RF3_ECO81	143	27.835	7.51e-05	33
Aba1_3780687:3781572	805	584	sp|A5ITB2|LEPA_STAA9	128	35.443	7.52e-05	25
Aba1_3780687:3781572	805	584	sp|A6U257|LEPA_STAA2	128	35.443	7.52e-05	25
Aba1_3780687:3781572	805	584	sp|P65271|LEPA_STAAM	128	35.443	7.52e-05	25
Aba1_3780687:3781572	805	584	sp|Q6G8Y3|LEPA_STAAS	128	35.443	7.52e-05	25
Aba1_3780687:3781572	805	584	sp|Q6GGB6|LEPA_STAAR	128	35.443	7.52e-05	25
Aba1_3780687:3781572	805	584	sp|A7X2Y7|LEPA_STAA1	128	35.443	7.52e-05	25
Aba1_3780687:3781572	805	584	sp|P65272|LEPA_STAAN	128	35.443	7.52e-05	25
Aba1_3780687:3781572	805	584	sp|Q2YT42|LEPA_STAAB	128	35.443	7.52e-05	25
Aba1_3780687:3781572	805	584	sp|Q8NWA7|LEPA_STAAW	128	35.443	7.73e-05	25
Aba1_3780687:3781572	832	539	sp|Q56121|RF3_SALTY	144	27.551	7.85e-05	33
Aba1_3780687:3781572	832	542	sp|B7LXT6|RF3_ECO8A	143	27.835	7.85e-05	33
Aba1_3780687:3781572	832	539	sp|B5Y282|RF3_KLEP3	144	27.551	7.92e-05	33
Aba1_3780687:3781572	832	539	sp|A6THZ0|RF3_KLEP7	144	27.551	8.00e-05	33
Aba1_3780687:3781572	829	539	sp|Q9I244|EFG2_PSEAE	145	27.358	8.41e-05	33
Aba1_3780687:3781572	817	593	sp|B5XSX4|IF2_KLEP3	489	40.260	1.01e-04	25
Aba1_3780687:3781572	817	593	sp|A6TEI7|IF2_KLEP7	489	40.260	1.01e-04	25
Aba1_3780687:3781572	805	584	sp|Q4L6T4|LEPA_STAHJ	128	35.443	1.10e-04	25
Aba1_3780687:3781572	805	584	sp|P37949|LEPA_BACSU	129	34.177	2.57e-04	25
Aba1_3780687:3781572	802	542	sp|Q9HXB0|RF3_PSEAE	141	29.885	3.59e-04	29
Aba1_3780687:3781572	802	542	sp|B7VBK5|RF3_PSEA8	141	29.885	3.59e-04	29
Aba1_3780687:3781572	802	542	sp|Q02S69|RF3_PSEAB	141	29.885	3.59e-04	29
Aba1_3780687:3781572	817	593	sp|Q83JF9|IF2_SHIFL	475	38.961	3.64e-04	25
Aba1_3780687:3781572	817	593	sp|C4ZSQ9|IF2_ECOBW	483	38.961	3.65e-04	25
Aba1_3780687:3781572	817	593	sp|B6I1P3|IF2_ECOSE	483	38.961	3.65e-04	25
Aba1_3780687:3781572	817	593	sp|B7M076|IF2_ECO8A	483	38.961	3.65e-04	25
Aba1_3780687:3781572	817	593	sp|A1AG73|IF2_ECOK1	483	38.961	3.65e-04	25
Aba1_3780687:3781572	817	593	sp|Q0TCU1|IF2_ECOL5	483	38.961	3.65e-04	25
Aba1_3780687:3781572	817	593	sp|Q1R6H0|IF2_ECOUT	483	38.961	3.65e-04	25
Aba1_3780687:3781572	817	593	sp|B1XGY0|IF2_ECODH	483	38.961	3.65e-04	25
Aba1_3780687:3781572	817	593	sp|P0A706|IF2_ECO57	483	38.961	3.65e-04	25
Aba1_3780687:3781572	817	593	sp|B5YS58|IF2_ECO5E	483	38.961	3.65e-04	25
Aba1_3780687:3781572	817	593	sp|B7MB89|IF2_ECO45	483	38.961	3.65e-04	25
Aba1_3780687:3781572	817	593	sp|B7NKN7|IF2_ECO7I	483	38.961	3.65e-04	25
Aba1_3780687:3781572	817	593	sp|B7NDF4|IF2_ECOLU	483	38.961	3.65e-04	25
Aba1_3780687:3781572	817	593	sp|B1IQV3|IF2_ECOLC	483	38.961	3.65e-04	25
Aba1_3780687:3781572	817	593	sp|P0A705|IF2_ECOLI	483	38.961	3.65e-04	25
Aba1_3780687:3781572	817	593	sp|A8A4Y4|IF2_ECOHS	483	38.961	3.65e-04	25
Aba1_3780687:3781572	817	593	sp|B7UJ63|IF2_ECO27	483	38.961	3.65e-04	25
Aba1_3780687:3781572	817	593	sp|B7LHN3|IF2_ECO55	483	38.961	3.65e-04	25
Aba1_3780687:3781572	817	593	sp|P59587|IF2_ECOL6	483	38.961	3.65e-04	25
Aba1_3780687:3781572	817	593	sp|A7ZS65|IF2_ECO24	483	38.961	3.65e-04	25
Aba1_3780687:3781572	817	593	sp|B7N0V3|IF2_ECO81	483	38.961	3.71e-04	25
Aba1_3780687:3781572	817	593	sp|B1LFS0|IF2_ECOSM	483	38.961	3.71e-04	25
Aba1_3780687:3781572	802	542	sp|A6V0K2|RF3_PSEA7	141	29.885	3.75e-04	29
Aba1_3780687:3781572	811	542	sp|Q5HIC8|EFG_STAAC	136	34.444	3.85e-04	31
Aba1_3780687:3781572	811	542	sp|A6TZ24|EFG_STAA2	136	34.444	3.85e-04	31
Aba1_3780687:3781572	811	542	sp|Q2FJ93|EFG_STAA3	136	34.444	3.85e-04	31
Aba1_3780687:3781572	811	542	sp|P68788|EFG_STAAM	136	34.444	3.85e-04	31
Aba1_3780687:3781572	811	542	sp|Q6GBU0|EFG_STAAS	136	34.444	3.85e-04	31
Aba1_3780687:3781572	811	542	sp|Q2YSB4|EFG_STAAB	136	34.444	3.85e-04	31
Aba1_3780687:3781572	811	542	sp|A5IQA1|EFG_STAA9	136	34.444	3.85e-04	31
Aba1_3780687:3781572	811	542	sp|Q6GJC1|EFG_STAAR	136	34.444	3.85e-04	31
Aba1_3780687:3781572	811	542	sp|P68789|EFG_STAAN	136	34.444	3.85e-04	31
Aba1_3780687:3781572	811	542	sp|A7WYX4|EFG_STAA1	136	34.444	3.85e-04	31
Aba1_3780687:3781572	811	542	sp|Q2G0N1|EFG_STAA8	136	34.444	3.85e-04	31
Aba1_3780687:3781572	811	542	sp|P68791|EFG_STAAW	136	34.444	3.85e-04	31
Aba1_3780687:3781572	811	542	sp|P68790|EFG_STAAU	136	34.444	3.85e-04	31
Aba1_3780687:3781572	817	593	sp|B7LR37|IF2_ESCF3	483	38.961	3.88e-04	25
Aba1_3780687:3781572	811	542	sp|A6QEJ9|EFG_STAAE	136	34.444	3.99e-04	31
Aba1_3780687:3781572	805	584	sp|B9DNK4|LEPA_STACT	128	31.646	5.54e-04	25
Aba1_3780687:3781572	829	539	sp|Q83JC3|EFG_SHIFL	144	29.524	5.90e-04	33
Aba1_3780687:3781572	829	539	sp|B6I240|EFG_ECOSE	144	29.524	6.06e-04	33
Aba1_3780687:3781572	829	539	sp|Q0TCB9|EFG_ECOL5	144	29.524	6.06e-04	33
Aba1_3780687:3781572	829	539	sp|B1X6J0|EFG_ECODH	144	29.524	6.06e-04	33
Aba1_3780687:3781572	829	539	sp|A7ZSL5|EFG_ECO24	144	29.524	6.06e-04	33
Aba1_3780687:3781572	829	539	sp|P0A6M8|EFG_ECOLI	144	29.524	6.06e-04	33
Aba1_3780687:3781572	829	539	sp|B7LS46|EFG_ESCF3	144	29.524	6.06e-04	33
Aba1_3780687:3781572	829	539	sp|A1AGM7|EFG_ECOK1	144	29.524	6.06e-04	33
Aba1_3780687:3781572	829	539	sp|C4ZUJ5|EFG_ECOBW	144	29.524	6.06e-04	33
Aba1_3780687:3781572	829	539	sp|P0A6N0|EFG_ECO57	144	29.524	6.06e-04	33
Aba1_3780687:3781572	829	539	sp|B7N0X6|EFG_ECO81	144	29.524	6.06e-04	33
Aba1_3780687:3781572	829	539	sp|B1LHE0|EFG_ECOSM	144	29.524	6.06e-04	33
Aba1_3780687:3781572	829	539	sp|B7UK50|EFG_ECO27	144	29.524	6.06e-04	33
Aba1_3780687:3781572	829	539	sp|B5YTP7|EFG_ECO5E	144	29.524	6.06e-04	33
Aba1_3780687:3781572	829	539	sp|B1IPV9|EFG_ECOLC	144	29.524	6.06e-04	33
Aba1_3780687:3781572	829	539	sp|B7M1P1|EFG_ECO8A	144	29.524	6.06e-04	33
Aba1_3780687:3781572	829	539	sp|A8A5E7|EFG_ECOHS	144	29.524	6.06e-04	33
Aba1_3780687:3781572	829	539	sp|B7NLP5|EFG_ECO7I	144	29.524	6.06e-04	33
Aba1_3780687:3781572	829	539	sp|P0A6M9|EFG_ECOL6	144	29.524	6.06e-04	33
Aba1_3780687:3781572	829	539	sp|B7MCV5|EFG_ECO45	144	29.524	6.06e-04	33
Aba1_3780687:3781572	829	539	sp|Q1R5U3|EFG_ECOUT	144	29.524	6.06e-04	33
Aba1_3780687:3781572	829	539	sp|B7L4L1|EFG_ECO55	144	29.524	6.06e-04	33
Aba1_3780687:3781572	829	539	sp|B7NDU8|EFG_ECOLU	144	29.524	6.23e-04	33
Aba1_3780687:3781572	829	539	sp|P0A1H3|EFG_SALTY	144	28.571	6.45e-04	33
Aba1_3780687:3781572	802	542	sp|A4XQE4|RF3_PSEMY	141	29.885	8.48e-04	29
Aba1_3838649:3850497	2126	3553	sp|P55189|YBAR_BACSU	476	58.193	7.84e-173	12
Aba1_3838649:3850497	2147	3607	sp|O06984|YVDB_BACSU	527	26.204	1.01e-46	12
Aba1_3838649:3850497	2162	3418	sp|P0AFR2|DAUA_ECOLI	491	25.702	1.50e-29	11
Aba1_3838649:3850497	2162	3418	sp|P0AFR3|DAUA_ECO57	491	25.702	1.50e-29	11
Aba1_3838649:3850497	10802	9765	sp|P18416|TRA3_STAAU	337	27.654	4.86e-25	9
Aba1_3838649:3850497	11003	9618	sp|P13989|TNSB_ECOLX	519	21.361	1.59e-14	12
Aba1_3838649:3850497	4244	4465	sp|P42297|YXIE_BACSU	148	33.784	7.11e-05	2
Aba1_3838649:3850497	8974	8288	sp|P05846|TNSC_ECOLX	373	22.800	8.98e-04	6
Aba1_4059861:4061020	1071	10	sp|P80011|TRA3_RHIME	383	50.986	2.65e-133	92
Aba1_4059861:4061020	1089	31	sp|P19775|TRA6_STAAU	378	27.809	1.87e-41	91
Aba1_4116660:4117832	1081	20	sp|P80011|TRA3_RHIME	383	50.986	3.60e-133	91
Aba1_4116660:4117832	1099	41	sp|P19775|TRA6_STAAU	378	27.809	2.39e-41	90
Aba1_4142794:4143960	1078	17	sp|P80011|TRA3_RHIME	383	50.986	2.47e-133	91
Aba1_4142794:4143960	1096	38	sp|P19775|TRA6_STAAU	378	27.809	2.10e-41	91
Aba1_4159433:4160285	290	838	sp|P0CF83|INSF5_ECOLI	185	38.378	6.12e-36	64
Aba1_4159433:4160285	290	838	sp|P0CF84|INSF6_ECOLI	185	38.378	6.12e-36	64
Aba1_4159433:4160285	290	838	sp|P0CF85|INSF_ECO11	185	38.378	6.12e-36	64
Aba1_4159433:4160285	290	838	sp|P0CF81|INSF3_ECOLI	185	38.378	6.12e-36	64
Aba1_4159433:4160285	290	838	sp|P0CF82|INSF4_ECOLI	185	38.378	6.12e-36	64
Aba1_4159433:4160285	290	838	sp|P0CF80|INSF2_ECOLI	185	38.378	6.12e-36	64
Aba1_4159433:4160285	290	838	sp|P0CF79|INSF1_ECOLI	185	38.378	6.12e-36	64
Aba1_4159433:4160285	290	838	sp|Q9JMT3|INSF7_ECOLI	185	37.838	5.78e-35	64
Aba1_4159433:4160285	401	823	sp|Q47718|INSO2_ECOLI	161	34.266	2.15e-18	50
Aba1_4159433:4160285	305	841	sp|P19769|INSK_ECOLI	179	28.962	5.67e-15	63
Aba1_4159433:4160285	380	841	sp|P11257|T341_ECOLX	187	28.571	2.07e-12	54
Aba1_4159433:4160285	401	697	sp|P75680|INSO1_ECOLI	120	31.683	3.45e-06	35
Aba1_4161756:4162643	884	3	sp|P03009|TRA2_ECOLX	299	40.468	1.03e-69	99
Aba1_4183086:4184710	922	1473	sp|P42105|YXAF_BACSU	188	28.342	7.91e-18	34
Aba1_4183086:4184710	922	1449	sp|O34619|LMRA_BACSU	179	26.257	1.55e-08	33
Aba1_4190690:4192392	702	151	sp|P42105|YXAF_BACSU	188	28.342	8.44e-18	32
Aba1_4190690:4192392	702	175	sp|O34619|LMRA_BACSU	179	26.257	1.64e-08	31
